/*
 Navicat MySQL Data Transfer

 Source Server         : MySQLTest
 Source Server Type    : MySQL
 Source Server Version : 80017
 Source Host           : localhost:3306
 Source Schema         : warehouse

 Target Server Type    : MySQL
 Target Server Version : 80017
 File Encoding         : 65001

 Date: 24/04/2020 18:14:31
*/

SET NAMES utf8mb4;
SET FOREIGN_KEY_CHECKS = 0;

-- ----------------------------
-- Table structure for act_evt_log
-- ----------------------------
DROP TABLE IF EXISTS `act_evt_log`;
CREATE TABLE `act_evt_log`  (
  `LOG_NR_` bigint(20) NOT NULL AUTO_INCREMENT,
  `TYPE_` varchar(64) CHARACTER SET utf8 COLLATE utf8_bin NULL DEFAULT NULL,
  `PROC_DEF_ID_` varchar(64) CHARACTER SET utf8 COLLATE utf8_bin NULL DEFAULT NULL,
  `PROC_INST_ID_` varchar(64) CHARACTER SET utf8 COLLATE utf8_bin NULL DEFAULT NULL,
  `EXECUTION_ID_` varchar(64) CHARACTER SET utf8 COLLATE utf8_bin NULL DEFAULT NULL,
  `TASK_ID_` varchar(64) CHARACTER SET utf8 COLLATE utf8_bin NULL DEFAULT NULL,
  `TIME_STAMP_` timestamp(3) NOT NULL,
  `USER_ID_` varchar(255) CHARACTER SET utf8 COLLATE utf8_bin NULL DEFAULT NULL,
  `DATA_` longblob NULL,
  `LOCK_OWNER_` varchar(255) CHARACTER SET utf8 COLLATE utf8_bin NULL DEFAULT NULL,
  `LOCK_TIME_` timestamp(3) NULL DEFAULT NULL,
  `IS_PROCESSED_` tinyint(4) NULL DEFAULT 0,
  PRIMARY KEY (`LOG_NR_`) USING BTREE
) ENGINE = InnoDB CHARACTER SET = utf8 COLLATE = utf8_bin ROW_FORMAT = Dynamic;

-- ----------------------------
-- Table structure for act_ge_bytearray
-- ----------------------------
DROP TABLE IF EXISTS `act_ge_bytearray`;
CREATE TABLE `act_ge_bytearray`  (
  `ID_` varchar(64) CHARACTER SET utf8 COLLATE utf8_bin NOT NULL,
  `REV_` int(11) NULL DEFAULT NULL,
  `NAME_` varchar(255) CHARACTER SET utf8 COLLATE utf8_bin NULL DEFAULT NULL,
  `DEPLOYMENT_ID_` varchar(64) CHARACTER SET utf8 COLLATE utf8_bin NULL DEFAULT NULL,
  `BYTES_` longblob NULL,
  `GENERATED_` tinyint(4) NULL DEFAULT NULL,
  PRIMARY KEY (`ID_`) USING BTREE,
  INDEX `ACT_FK_BYTEARR_DEPL`(`DEPLOYMENT_ID_`) USING BTREE,
  CONSTRAINT `ACT_FK_BYTEARR_DEPL` FOREIGN KEY (`DEPLOYMENT_ID_`) REFERENCES `act_re_deployment` (`ID_`) ON DELETE RESTRICT ON UPDATE RESTRICT
) ENGINE = InnoDB CHARACTER SET = utf8 COLLATE = utf8_bin ROW_FORMAT = Dynamic;

-- ----------------------------
-- Records of act_ge_bytearray
-- ----------------------------
INSERT INTO `act_ge_bytearray` VALUES ('15002', 3, 'source', NULL, 0x7B227265736F757263654964223A223135303031222C2270726F70657274696573223A7B2270726F636573735F6964223A224C6561766542696C6C222C226E616D65223A22E8AFB7E58187E6B581E7A88B222C22646F63756D656E746174696F6E223A22222C2270726F636573735F617574686F72223A22222C2270726F636573735F76657273696F6E223A22222C2270726F636573735F6E616D657370616365223A22687474703A2F2F7777772E61637469766974692E6F72672F70726F63657373646566222C22657865637574696F6E6C697374656E657273223A22222C226576656E746C697374656E657273223A22222C227369676E616C646566696E6974696F6E73223A22222C226D657373616765646566696E6974696F6E73223A22227D2C227374656E63696C223A7B226964223A2242504D4E4469616772616D227D2C226368696C64536861706573223A5B7B227265736F757263654964223A227369642D37424345464638412D463337322D343435462D394134412D324645313041343743364332222C2270726F70657274696573223A7B226F766572726964656964223A2273746172744576656E74222C226E616D65223A22E5BC80E5A78B222C22646F63756D656E746174696F6E223A22222C22657865637574696F6E6C697374656E657273223A22222C22696E69746961746F72223A22222C22666F726D6B6579646566696E6974696F6E223A22222C22666F726D70726F70657274696573223A22227D2C227374656E63696C223A7B226964223A2253746172744E6F6E654576656E74227D2C226368696C64536861706573223A5B5D2C226F7574676F696E67223A5B7B227265736F757263654964223A227369642D37334542314639342D393430352D343430362D413135332D323932304641363645443238227D5D2C22626F756E6473223A7B226C6F7765725269676874223A7B2278223A3133352C2279223A3233357D2C2275707065724C656674223A7B2278223A3130352C2279223A3230357D7D2C22646F636B657273223A5B5D7D2C7B227265736F757263654964223A227369642D38463434373831362D343732422D344146302D394632362D384242343237443934393738222C2270726F70657274696573223A7B226F766572726964656964223A22656E644576656E74222C226E616D65223A22E7BB93E69D9F222C22646F63756D656E746174696F6E223A22222C22657865637574696F6E6C697374656E657273223A22227D2C227374656E63696C223A7B226964223A22456E644E6F6E654576656E74227D2C226368696C64536861706573223A5B5D2C226F7574676F696E67223A5B5D2C22626F756E6473223A7B226C6F7765725269676874223A7B2278223A3934332C2279223A3233367D2C2275707065724C656674223A7B2278223A3931352C2279223A3230387D7D2C22646F636B657273223A5B5D7D2C7B227265736F757263654964223A227369642D46353846434634302D343737462D344131452D383846302D394537444137363230413445222C2270726F70657274696573223A7B226F766572726964656964223A22757365725461736B31222C226E616D65223A22E68F90E4BAA4E794B3E8AFB7222C22646F63756D656E746174696F6E223A22222C226173796E6368726F6E6F7573646566696E6974696F6E223A2266616C7365222C226578636C7573697665646566696E6974696F6E223A2266616C7365222C22657865637574696F6E6C697374656E657273223A22222C226D756C7469696E7374616E63655F74797065223A224E6F6E65222C226D756C7469696E7374616E63655F63617264696E616C697479223A22222C226D756C7469696E7374616E63655F636F6C6C656374696F6E223A22222C226D756C7469696E7374616E63655F7661726961626C65223A22222C226D756C7469696E7374616E63655F636F6E646974696F6E223A22222C226973666F72636F6D70656E736174696F6E223A2266616C7365222C22757365727461736B61737369676E6D656E74223A7B2261737369676E6D656E74223A7B2261737369676E6565223A22247B757365726E616D657D227D7D2C22666F726D6B6579646566696E6974696F6E223A22222C2264756564617465646566696E6974696F6E223A22222C227072696F72697479646566696E6974696F6E223A22222C22666F726D70726F70657274696573223A22222C227461736B6C697374656E657273223A22227D2C227374656E63696C223A7B226964223A22557365725461736B227D2C226368696C64536861706573223A5B5D2C226F7574676F696E67223A5B7B227265736F757263654964223A227369642D39303944334238392D303830322D343945452D414431422D304135373537353937413230227D5D2C22626F756E6473223A7B226C6F7765725269676874223A7B2278223A3331302C2279223A3236307D2C2275707065724C656674223A7B2278223A3231302C2279223A3138307D7D2C22646F636B657273223A5B5D7D2C7B227265736F757263654964223A227369642D44314136443830372D433230322D343733342D424633332D353944314245454644363736222C2270726F70657274696573223A7B226F766572726964656964223A22757365725461736B32222C226E616D65223A22E5AEA1E689B95BE4B88AE7BAA7E9A286E5AFBC5D222C22646F63756D656E746174696F6E223A22222C226173796E6368726F6E6F7573646566696E6974696F6E223A2266616C7365222C226578636C7573697665646566696E6974696F6E223A2266616C7365222C22657865637574696F6E6C697374656E657273223A22222C226D756C7469696E7374616E63655F74797065223A224E6F6E65222C226D756C7469696E7374616E63655F63617264696E616C697479223A22222C226D756C7469696E7374616E63655F636F6C6C656374696F6E223A22222C226D756C7469696E7374616E63655F7661726961626C65223A22222C226D756C7469696E7374616E63655F636F6E646974696F6E223A22222C226973666F72636F6D70656E736174696F6E223A2266616C7365222C22757365727461736B61737369676E6D656E74223A22222C22666F726D6B6579646566696E6974696F6E223A22222C2264756564617465646566696E6974696F6E223A22222C227072696F72697479646566696E6974696F6E223A22222C22666F726D70726F70657274696573223A22222C227461736B6C697374656E657273223A7B227461736B4C697374656E657273223A5B7B226576656E74223A22637265617465222C22696D706C656D656E746174696F6E223A22636F6D2E6C756F62656E2E77617265686F7573652E7379732E6C697374656E65722E4D795461736B4C697374656E6572496D706C222C22636C6173734E616D65223A22636F6D2E6C756F62656E2E77617265686F7573652E7379732E6C697374656E65722E4D795461736B4C697374656E6572496D706C222C2265787072657373696F6E223A22222C2264656C656761746545787072657373696F6E223A22227D5D7D7D2C227374656E63696C223A7B226964223A22557365725461736B227D2C226368696C64536861706573223A5B5D2C226F7574676F696E67223A5B7B227265736F757263654964223A227369642D37384146423342462D453338352D344646372D393030412D433837314130363944443544227D5D2C22626F756E6473223A7B226C6F7765725269676874223A7B2278223A3533352C2279223A3236347D2C2275707065724C656674223A7B2278223A3433352C2279223A3138347D7D2C22646F636B657273223A5B5D7D2C7B227265736F757263654964223A227369642D38373836454143442D334233412D343933322D384533392D353430393435393335454341222C2270726F70657274696573223A7B226F766572726964656964223A22757365725461736B33222C226E616D65223A22E5AEA1E689B95BE4B88AE4B88AE7BAA7E9A286E5AFBC5D222C22646F63756D656E746174696F6E223A22222C226173796E6368726F6E6F7573646566696E6974696F6E223A2266616C7365222C226578636C7573697665646566696E6974696F6E223A2266616C7365222C22657865637574696F6E6C697374656E657273223A22222C226D756C7469696E7374616E63655F74797065223A224E6F6E65222C226D756C7469696E7374616E63655F63617264696E616C697479223A22222C226D756C7469696E7374616E63655F636F6C6C656374696F6E223A22222C226D756C7469696E7374616E63655F7661726961626C65223A22222C226D756C7469696E7374616E63655F636F6E646974696F6E223A22222C226973666F72636F6D70656E736174696F6E223A2266616C7365222C22757365727461736B61737369676E6D656E74223A22222C22666F726D6B6579646566696E6974696F6E223A22222C2264756564617465646566696E6974696F6E223A22222C227072696F72697479646566696E6974696F6E223A22222C22666F726D70726F70657274696573223A22222C227461736B6C697374656E657273223A7B227461736B4C697374656E657273223A5B7B226576656E74223A22637265617465222C22696D706C656D656E746174696F6E223A22636F6D2E6C756F62656E2E77617265686F7573652E7379732E6C697374656E65722E4D795461736B4C697374656E6572496D706C222C22636C6173734E616D65223A22636F6D2E6C756F62656E2E77617265686F7573652E7379732E6C697374656E65722E4D795461736B4C697374656E6572496D706C222C2265787072657373696F6E223A22222C2264656C656761746545787072657373696F6E223A22227D5D7D7D2C227374656E63696C223A7B226964223A22557365725461736B227D2C226368696C64536861706573223A5B5D2C226F7574676F696E67223A5B7B227265736F757263654964223A227369642D43413044303545392D344146362D343034432D413542422D413343303237453932354246227D5D2C22626F756E6473223A7B226C6F7765725269676874223A7B2278223A3737352C2279223A3236327D2C2275707065724C656674223A7B2278223A3637352C2279223A3138327D7D2C22646F636B657273223A5B5D7D2C7B227265736F757263654964223A227369642D44424335324130452D384630332D343944362D424637332D373645303939414341374242222C2270726F70657274696573223A7B226F766572726964656964223A22222C226E616D65223A22222C22646F63756D656E746174696F6E223A22222C226173796E6368726F6E6F7573646566696E6974696F6E223A2266616C7365222C226578636C7573697665646566696E6974696F6E223A2266616C7365222C2273657175656E6365666C6F776F72646572223A22227D2C227374656E63696C223A7B226964223A224578636C757369766547617465776179227D2C226368696C64536861706573223A5B5D2C226F7574676F696E67223A5B7B227265736F757263654964223A227369642D30434243353230342D303133372D343942442D423743322D314231343345463743353143227D2C7B227265736F757263654964223A227369642D34323633313136412D314234302D343730412D393945382D394136393441353739354146227D5D2C22626F756E6473223A7B226C6F7765725269676874223A7B2278223A3338352C2279223A3234347D2C2275707065724C656674223A7B2278223A3334352C2279223A3230347D7D2C22646F636B657273223A5B5D7D2C7B227265736F757263654964223A227369642D36463731304241332D453546462D343342412D423232422D384444414632334544334632222C2270726F70657274696573223A7B226F766572726964656964223A22222C226E616D65223A22222C22646F63756D656E746174696F6E223A22222C226173796E6368726F6E6F7573646566696E6974696F6E223A2266616C7365222C226578636C7573697665646566696E6974696F6E223A2266616C7365222C2273657175656E6365666C6F776F72646572223A22227D2C227374656E63696C223A7B226964223A224578636C757369766547617465776179227D2C226368696C64536861706573223A5B5D2C226F7574676F696E67223A5B7B227265736F757263654964223A227369642D45393545433339302D443637372D343342392D413338312D353637324236393838433245227D2C7B227265736F757263654964223A227369642D44313231324345352D314146352D343234452D393542462D334643323439333342313036227D5D2C22626F756E6473223A7B226C6F7765725269676874223A7B2278223A3632352C2279223A3234327D2C2275707065724C656674223A7B2278223A3538352C2279223A3230327D7D2C22646F636B657273223A5B5D7D2C7B227265736F757263654964223A227369642D37433533414330452D323531452D343231352D414544342D334643354435393931443734222C2270726F70657274696573223A7B226F766572726964656964223A22222C226E616D65223A22222C22646F63756D656E746174696F6E223A22222C226173796E6368726F6E6F7573646566696E6974696F6E223A2266616C7365222C226578636C7573697665646566696E6974696F6E223A2266616C7365222C2273657175656E6365666C6F776F72646572223A22227D2C227374656E63696C223A7B226964223A224578636C757369766547617465776179227D2C226368696C64536861706573223A5B5D2C226F7574676F696E67223A5B7B227265736F757263654964223A227369642D33443146373135462D463134332D344534342D413539332D313639383945303938423833227D2C7B227265736F757263654964223A227369642D31413443443641312D463944322D343336312D383839352D334142444434324530454336227D5D2C22626F756E6473223A7B226C6F7765725269676874223A7B2278223A3836352C2279223A3234327D2C2275707065724C656674223A7B2278223A3832352C2279223A3230327D7D2C22646F636B657273223A5B5D7D2C7B227265736F757263654964223A227369642D39303944334238392D303830322D343945452D414431422D304135373537353937413230222C2270726F70657274696573223A7B226F766572726964656964223A22666C6F7732222C226E616D65223A22222C22646F63756D656E746174696F6E223A22222C22636F6E646974696F6E73657175656E6365666C6F77223A22222C22657865637574696F6E6C697374656E657273223A22222C2264656661756C74666C6F77223A2266616C7365227D2C227374656E63696C223A7B226964223A2253657175656E6365466C6F77227D2C226368696C64536861706573223A5B5D2C226F7574676F696E67223A5B7B227265736F757263654964223A227369642D44424335324130452D384630332D343944362D424637332D373645303939414341374242227D5D2C22626F756E6473223A7B226C6F7765725269676874223A7B2278223A3334352E39353338343938333437343233362C2279223A3232332E32373434333233373436353638347D2C2275707065724C656674223A7B2278223A3331302E32313830323531363532353736342C2279223A3232312E39313330363736323533343331367D7D2C22646F636B657273223A5B7B2278223A35302C2279223A34307D2C7B2278223A32302C2279223A32307D5D2C22746172676574223A7B227265736F757263654964223A227369642D44424335324130452D384630332D343944362D424637332D373645303939414341374242227D7D2C7B227265736F757263654964223A227369642D37334542314639342D393430352D343430362D413135332D323932304641363645443238222C2270726F70657274696573223A7B226F766572726964656964223A22666C6F7731222C226E616D65223A22222C22646F63756D656E746174696F6E223A22222C22636F6E646974696F6E73657175656E6365666C6F77223A22222C22657865637574696F6E6C697374656E657273223A22222C2264656661756C74666C6F77223A2266616C7365227D2C227374656E63696C223A7B226964223A2253657175656E6365466C6F77227D2C226368696C64536861706573223A5B5D2C226F7574676F696E67223A5B7B227265736F757263654964223A227369642D46353846434634302D343737462D344131452D383846302D394537444137363230413445227D5D2C22626F756E6473223A7B226C6F7765725269676874223A7B2278223A3230392E37383132352C2279223A3232307D2C2275707065724C656674223A7B2278223A3133352E32313837352C2279223A3232307D7D2C22646F636B657273223A5B7B2278223A31352C2279223A31357D2C7B2278223A35302C2279223A34307D5D2C22746172676574223A7B227265736F757263654964223A227369642D46353846434634302D343737462D344131452D383846302D394537444137363230413445227D7D2C7B227265736F757263654964223A227369642D30434243353230342D303133372D343942442D423743322D314231343345463743353143222C2270726F70657274696573223A7B226F766572726964656964223A22666C6F7733222C226E616D65223A22E68F90E4BAA4222C22646F63756D656E746174696F6E223A22222C22636F6E646974696F6E73657175656E6365666C6F77223A22247B6F7574636F6D653D3D27E68F90E4BAA4277D222C22657865637574696F6E6C697374656E657273223A22222C2264656661756C74666C6F77223A2266616C7365227D2C227374656E63696C223A7B226964223A2253657175656E6365466C6F77227D2C226368696C64536861706573223A5B5D2C226F7574676F696E67223A5B7B227265736F757263654964223A227369642D44314136443830372D433230322D343733342D424633332D353944314245454644363736227D5D2C22626F756E6473223A7B226C6F7765725269676874223A7B2278223A3433342E353139353430303033323333322C2279223A3232342E3431373639303933363230367D2C2275707065724C656674223A7B2278223A3338352E313731383636323436373636382C2279223A3232342E3231313231353331333739347D7D2C22646F636B657273223A5B7B2278223A32302E352C2279223A32302E357D2C7B2278223A35302C2279223A34307D5D2C22746172676574223A7B227265736F757263654964223A227369642D44314136443830372D433230322D343733342D424633332D353944314245454644363736227D7D2C7B227265736F757263654964223A227369642D37384146423342462D453338352D344646372D393030412D433837314130363944443544222C2270726F70657274696573223A7B226F766572726964656964223A22666C6F7735222C226E616D65223A22222C22646F63756D656E746174696F6E223A22222C22636F6E646974696F6E73657175656E6365666C6F77223A22222C22657865637574696F6E6C697374656E657273223A22222C2264656661756C74666C6F77223A2266616C7365227D2C227374656E63696C223A7B226964223A2253657175656E6365466C6F77227D2C226368696C64536861706573223A5B5D2C226F7574676F696E67223A5B7B227265736F757263654964223A227369642D36463731304241332D453546462D343342412D423232422D384444414632334544334632227D5D2C22626F756E6473223A7B226C6F7765725269676874223A7B2278223A3538342E333132363338383539393630342C2279223A3232332E3135353231303634373636367D2C2275707065724C656674223A7B2278223A3533352E363837333631313430303339362C2279223A3232322E3334343738393335323333347D7D2C22646F636B657273223A5B7B2278223A35302C2279223A34307D2C7B2278223A32302C2279223A32307D5D2C22746172676574223A7B227265736F757263654964223A227369642D36463731304241332D453546462D343342412D423232422D384444414632334544334632227D7D2C7B227265736F757263654964223A227369642D45393545433339302D443637372D343342392D413338312D353637324236393838433245222C2270726F70657274696573223A7B226F766572726964656964223A22666C6F7736222C226E616D65223A22E5908CE6848F222C22646F63756D656E746174696F6E223A22222C22636F6E646974696F6E73657175656E6365666C6F77223A22247B6F7574636F6D653D3D27E5908CE6848F277D222C22657865637574696F6E6C697374656E657273223A22222C2264656661756C74666C6F77223A2266616C7365227D2C227374656E63696C223A7B226964223A2253657175656E6365466C6F77227D2C226368696C64536861706573223A5B5D2C226F7574676F696E67223A5B7B227265736F757263654964223A227369642D38373836454143442D334233412D343933322D384533392D353430393435393335454341227D5D2C22626F756E6473223A7B226C6F7765725269676874223A7B2278223A3637342E353139353430303033323333332C2279223A3232322E3431373639303933363230367D2C2275707065724C656674223A7B2278223A3632352E313731383636323436373636372C2279223A3232322E3231313231353331333739347D7D2C22646F636B657273223A5B7B2278223A32302E352C2279223A32302E357D2C7B2278223A35302C2279223A34307D5D2C22746172676574223A7B227265736F757263654964223A227369642D38373836454143442D334233412D343933322D384533392D353430393435393335454341227D7D2C7B227265736F757263654964223A227369642D31413443443641312D463944322D343336312D383839352D334142444434324530454336222C2270726F70657274696573223A7B226F766572726964656964223A22666C6F773130222C226E616D65223A22E9A9B3E59B9E222C22646F63756D656E746174696F6E223A22222C22636F6E646974696F6E73657175656E6365666C6F77223A22247B6F7574636F6D653D3D27E9A9B3E59B9E277D222C22657865637574696F6E6C697374656E657273223A22222C2264656661756C74666C6F77223A2266616C7365227D2C227374656E63696C223A7B226964223A2253657175656E6365466C6F77227D2C226368696C64536861706573223A5B5D2C226F7574676F696E67223A5B7B227265736F757263654964223A227369642D46353846434634302D343737462D344131452D383846302D394537444137363230413445227D5D2C22626F756E6473223A7B226C6F7765725269676874223A7B2278223A3834352E352C2279223A3339317D2C2275707065724C656674223A7B2278223A3236302C2279223A3234322E3538373839303632357D7D2C22646F636B657273223A5B7B2278223A32302E352C2279223A32302E357D2C7B2278223A3834352E352C2279223A3339317D2C7B2278223A3236302C2279223A3339317D2C7B2278223A35302C2279223A34307D5D2C22746172676574223A7B227265736F757263654964223A227369642D46353846434634302D343737462D344131452D383846302D394537444137363230413445227D7D2C7B227265736F757263654964223A227369642D43413044303545392D344146362D343034432D413542422D413343303237453932354246222C2270726F70657274696573223A7B226F766572726964656964223A22666C6F7738222C226E616D65223A22222C22646F63756D656E746174696F6E223A22222C22636F6E646974696F6E73657175656E6365666C6F77223A22222C22657865637574696F6E6C697374656E657273223A22222C2264656661756C74666C6F77223A2266616C7365227D2C227374656E63696C223A7B226964223A2253657175656E6365466C6F77227D2C226368696C64536861706573223A5B5D2C226F7574676F696E67223A5B7B227265736F757263654964223A227369642D37433533414330452D323531452D343231352D414544342D334643354435393931443734227D5D2C22626F756E6473223A7B226C6F7765725269676874223A7B2278223A3832352E32352C2279223A3232327D2C2275707065724C656674223A7B2278223A3737352E363837352C2279223A3232327D7D2C22646F636B657273223A5B7B2278223A35302C2279223A34307D2C7B2278223A32302C2279223A32307D5D2C22746172676574223A7B227265736F757263654964223A227369642D37433533414330452D323531452D343231352D414544342D334643354435393931443734227D7D2C7B227265736F757263654964223A227369642D33443146373135462D463134332D344534342D413539332D313639383945303938423833222C2270726F70657274696573223A7B226F766572726964656964223A22666C6F7739222C226E616D65223A22E5908CE6848F222C22646F63756D656E746174696F6E223A22222C22636F6E646974696F6E73657175656E6365666C6F77223A22247B6F7574636F6D653D3D27E5908CE6848F277D222C22657865637574696F6E6C697374656E657273223A22222C2264656661756C74666C6F77223A2266616C7365227D2C227374656E63696C223A7B226964223A2253657175656E6365466C6F77227D2C226368696C64536861706573223A5B5D2C226F7574676F696E67223A5B7B227265736F757263654964223A227369642D38463434373831362D343732422D344146302D394632362D384242343237443934393738227D5D2C22626F756E6473223A7B226C6F7765725269676874223A7B2278223A3931342E393533313432393237373333332C2279223A3232322E333830373330383333333939367D2C2275707065724C656674223A7B2278223A3836352E343137393530383232323636372C2279223A3232322E303834313132393136363030347D7D2C22646F636B657273223A5B7B2278223A32302E352C2279223A32302E357D2C7B2278223A31342C2279223A31347D5D2C22746172676574223A7B227265736F757263654964223A227369642D38463434373831362D343732422D344146302D394632362D384242343237443934393738227D7D2C7B227265736F757263654964223A227369642D34323633313136412D314234302D343730412D393945382D394136393441353739354146222C2270726F70657274696573223A7B226F766572726964656964223A22666C6F7734222C226E616D65223A22E694BEE5BC83222C22646F63756D656E746174696F6E223A22222C22636F6E646974696F6E73657175656E6365666C6F77223A22247B6F7574636F6D653D3D27E694BEE5BC83277D222C22657865637574696F6E6C697374656E657273223A22222C2264656661756C74666C6F77223A2266616C7365227D2C227374656E63696C223A7B226964223A2253657175656E6365466C6F77227D2C226368696C64536861706573223A5B5D2C226F7574676F696E67223A5B7B227265736F757263654964223A227369642D38463434373831362D343732422D344146302D394632362D384242343237443934393738227D5D2C22626F756E6473223A7B226C6F7765725269676874223A7B2278223A3932392C2279223A3230372E34303632357D2C2275707065724C656674223A7B2278223A3336352E352C2279223A34387D7D2C22646F636B657273223A5B7B2278223A32302E352C2279223A32302E357D2C7B2278223A3336352E352C2279223A34387D2C7B2278223A3932392C2279223A34387D2C7B2278223A31342C2279223A31347D5D2C22746172676574223A7B227265736F757263654964223A227369642D38463434373831362D343732422D344146302D394632362D384242343237443934393738227D7D2C7B227265736F757263654964223A227369642D44313231324345352D314146352D343234452D393542462D334643323439333342313036222C2270726F70657274696573223A7B226F766572726964656964223A22666C6F7737222C226E616D65223A22E9A9B3E59B9E222C22646F63756D656E746174696F6E223A22222C22636F6E646974696F6E73657175656E6365666C6F77223A22247B6F7574636F6D653D3D27E9A9B3E59B9E277D222C22657865637574696F6E6C697374656E657273223A22222C2264656661756C74666C6F77223A2266616C7365227D2C227374656E63696C223A7B226964223A2253657175656E6365466C6F77227D2C226368696C64536861706573223A5B5D2C226F7574676F696E67223A5B7B227265736F757263654964223A227369642D46353846434634302D343737462D344131452D383846302D394537444137363230413445227D5D2C22626F756E6473223A7B226C6F7765725269676874223A7B2278223A3630352E352C2279223A3333397D2C2275707065724C656674223A7B2278223A3236302C2279223A3234322E36313332383132357D7D2C22646F636B657273223A5B7B2278223A32302E352C2279223A32302E357D2C7B2278223A3630352E352C2279223A3333397D2C7B2278223A3236302C2279223A3333397D2C7B2278223A35302C2279223A34307D5D2C22746172676574223A7B227265736F757263654964223A227369642D46353846434634302D343737462D344131452D383846302D394537444137363230413445227D7D5D2C22626F756E6473223A7B226C6F7765725269676874223A7B2278223A313230302C2279223A313035307D2C2275707065724C656674223A7B2278223A302C2279223A307D7D2C227374656E63696C736574223A7B2275726C223A227374656E63696C736574732F62706D6E322E302F62706D6E322E302E6A736F6E222C226E616D657370616365223A22687474703A2F2F62336D6E2E6F72672F7374656E63696C7365742F62706D6E322E3023227D2C227373657874656E73696F6E73223A5B5D7D, NULL);
INSERT INTO `act_ge_bytearray` VALUES ('15003', 2, 'source-extra', NULL, 0x89504E470D0A1A0A0000000D49484452000003E1000001B90806000000E1FB3555000000206348524D00007A26000080840000FA00000080E8000075300000EA6000003A98000017709CBA513C0000000467414D410000B18E7CFB5193000000017352474200AECE1CE900000006624B474400FF00FF00FFA0BDA793000000097048597300000EC400000EC401952B0E1B000020004944415478DAEDDD097C5C55DD30E09BEEEC886CB2A328605151515C501651DC45A125A5205510F4C585559157A0F0212A8B20B8BC2A48D96C9122A0A82C158BA0206B81A20808054A5BB66E1428D036DFF94FEE8DB7D3244DD2249D499EE7F73B9D64B64ECEDC73CFF99FED6619000000000000000000000000000000000000000000000000000000000000000000000000000000000000000000000000000000000000000000000000000000000000000000000000000000000000000000000000000000000000000000000000000000000000000000000000000000000000000000000000000000000000000000000000000000000000000000000000000000000000000000000000000000000000000000000000000000000000000000000000D00734C80280FAD0D8D8B845BA19232700803E60DC840913A6F5C73F7C90EF1EA06E44007E826C0000FA88B1827000EAC589B20000A843FD7E4041100E508701F8840913C6CA0600A0DE343636F6FB407C80C30000000004E100000020080700000004E100000020080700000041380000002008070000004138000000200807000000413800000008C201000000413800000008C201000000413800000008C201000040100E00000008C201000040100E00000008C201000040100E000000827000000040100E000000827000000040100E000000827000000010840300000082700000001084030000008270000000108403000080201C000000108403000080201C000000108403000080201C00000004E100000080201C00000004E100000080201C00000004E100000020080700000004E100000020080700000004E100000020080700000041380000002008070000004138000000200807000000413800000008C201000000413800000008C201000000413800000008C201000040100E00000008C201000040100E00000008C201000040100E000000827000000040100E000000827000000040100E000000827000000010840300000082700000001084030000008270000000108403000080201C000000108403000080201C000000108403000080201C00000004E100000080201C00000004E100000080201C00000004E100000020080700000004E100000020080700000004E100000020080700000041380000002008070000004138000000200807000000413800000008C201000000413800000008C201000000413800000008C201000040100E00000008C201000040100E00000008C201000040100E000000827000000040100E000000827000000040100E000000827000000010840300000082700000001084030000008270000000108403000080201C000000108403000080201C000000108403000080201C00000004E100000080201C00000004E100000080201C00000004E100000020080700000004E100F56AE7945E5775DFFB537AAFAC0100108403D0BD06977E7E30A52FA7F4B7949E92350000827000BAD7CDF9EDCF539A9AD23D290DAB4AABCB260080BE6B902C00E875C7A474564AA7674B77860ECE7FDF29A51765130080201C80AE1B9ED28C94E6E4E7DFF7E7F7BF3EA547640F0040DF673A3A40EFB83AA5D7A67465FEFB2A99A9E70000FD8E917080DEF1C9AC79CDF76129FD38A55553FA734AABA5B424A5F1297D4F36010008C201E83ED352FA614AA7A6342A6B9E9A1ED3D19FCF83F20FC92200004138D0494D4D4DC31E7DF4D1AF2E58B060BF175F7C71EB175E7861D892254B64CC0A6A6868681A3A74E87343860CB9EDD5575F3D7DA79D76FA4B1DFE19C5FAEF39A5FB9EC903F013533AC1370D002008073A2805DF5FBEE38E3BCE58B870E1AA1B6EB86116698D35D6C8060CB00DC38A5AB26449C382050BD69D3F7FFEC767CD9AB5FB5FFFFAD77FBDF4D24BFBEDB1C71E53EBE44F582BA59929ED5DBAEFD359F36EE9E112DF320080201CE8A0C71F7FFCCA471E79E4339B6DB659B6D1461BC5C8AD4CE946D191B1E69A6B56D2269B6C3264C68C196F9B366DDA6D37DC70C3A8DD76DBEDAA1AFFF80B537AA095FBCF2EFDFCA06F19E8EFCC26EB197D64361908C281A503F0943E337CF8F04A9048CF8B8E8EB5D65A6B957BEFBDF7A2499326EDBBFBEEBB5F5D877F46B965B9714A4FFA6681FECA6CB21EAC6CEA7F361908C281A51B0D3102DE5600FEF282A7B2671EBE2E7B71CEA35953D3926C95B537CFD6DFEA23D9B0353796792B68B5D556CBDEFAD6B7AE71F7DD775F74EDB5D77EA0C61B131353FA7C4A2FB6F2D8AE297D25A591BED5156724AD671849A327994DD6B3EA7C361908C281A51BFBD16B1F8D86B602F027EEFA55B6E895175AEE7B71F67FB2C7EF3C2FDBEC9D070AC4BB2910DF628B2D96A4A02BA676EF56C31FF5F0946E4D6948D63C3D7DDF94FE99355F43FC3729ADE7DB5C7146D27A8E91347A3200379BAC77F591D9645077B446A07B1AFC5F8DC67E5466AD99FDD84D4B05E02D8DD9C5AF64CF3E3A590676934D36D9649D418306BDF1FAEBAF7F4F8D9F6FDF91D23629ED90356FD43637A52902F0EE6BC83FF6D8633F7BED6B5FBBEABBDEF5AE2C3AC752235300DE5D07723E9296CA5BB6C30E3B0CD974D34DDF16A3E237DC70C367E40E2B508F5666936DBDF5D66D76664F9F7251F6E05F4ECAFE7DC3D8ECF1BBCECF16CEB772A73B14B3C91A1A1A6236D976720404E1501762BA6B8CB4B5356DEEA5761A0AD1B0A0FBACBFFEFAB3D2CD5E35F8D1FE18EDCC947E92358F7ABF2EA5C3B2E6CB914530FE8B9476F40DAE78005E8CA46DBCF1C6A6B2F682E87C7CDBDBDEB64A0ACE6324ED937284CE8AD964CF3EFBEC7267932D78F6DF95CEEBA6258B5A669309C4BB2F108FD96403070E3C5B6E80201CEA42AC378D91B6361B188B5F6DA7F5618D6A775A77DD75636EFF2E35F8D13E9AD29659F3F4F3B7A4746A4A3FCDEF7F38A5FF97D2479C97BBCE48DACA6DC01B496305CAAED96435A0C6679381201C585A6CF814EB4D59F9D2F71023CCDBD7F0473C33A54929FD20A5F7A5B4554A9B67CD53D123103FDAB7D87946D26A231037924657984D563B6A78361908C281A5C58ECBD69BD6C849ADF97BA8D54D2787A57472FE73B41C9FCECFC3318D62B7FCBE3F6436CDEC342369B5C1481A5D613659EDA8E1D9642008073A67F02AAF69F3B141438DA0F7131180FF3BA5554AF73D92D28329DD9BD2A559F3F4F418F25924BB3AC7485AED30924667994D563BEA603619F409465BA017ACB3D9FBB2575E787A9991B8818357C9D6D97C2719D43FC43AF0CDF334353FFF2EC903EE485FCC03F139B2AAF362242D82F0B61849EB3D3192F6E4934FEE2227E828B3C96A478DCF26A30EEDB3CF3EC73434347CAF8D874F686C6C3CA17CC7840913FAC58EAA0A19F482D5D7DB365BED997F65F366DCB5CCFD6BAC3F5C06F50FB7977E6E6DE3AA4D533A29A54323A6945D9D6324AD76E423692EB747B789D964AF2E9CDB7A43D66C32A86903060C98D2D4D42423AAF3451640EF58FCEA4BCBDCB7E8E5E7654CFFF3581BF73F91D21752DA4816759E91B49A6A7055622339417789D9648386ACB6CCFD669341ED1B3F7EFC35E9667E079F3E5D100E748B575E78A6B203F38267FEB5CC632F3CF750F6F81DBFAC3C07720FCB82EE675F06A85F95D964EB6EDDEAFD6693415D98B8BCE672FCD3D4D4748D201C586131FDFCF13BCFCD5E9CF3689BCF7971EE63D9B4DB7E96CD79FCEFE9E4636D2AF404236950DFCC2683FAB564C992F1CB2BE2F14F4343C3258270A0CB6264FB89BB2FC866FEF3B7AD5E16699993D3E257B2A71EFC63F6C45DE7670B9F9F2903A19B194983FAAD4FCD2683FAB6EAAAABDE9C6E66B7F394B872CCB3B366CDBA59100E74598C6C47E3A0B362C4FCB1DB7F2E03A107184983FA623619F40DE3C68D5B986EFED0DA634D4D4D8BF2DB2B274F9EDC6F2ED12A08871E1023DB5DD5B4C425A2A13B194983FA2BB36693419FF3ABB68A7025281D30E0F2FE9419762F851EB0CDEE27CB04A8013192F6CCC3D7B6DB902F46D2D67BC3EED9DA9BBE276B68D03F0D2B5394C7AE746617B3C9B6DE6DAC4C841A1353CD37DC70C3A88C97DAA0A5A1A16148BA993E73E6CC49FD293FB43400E8738CA4518BC68C19B3B65CC83A541EBBCA6C3294DFDA944F353FBFEAEECA866CB12B7A7F9A8A1E8C8403D0E71849A3D61C77DC71FB3DF4D043179D78E289634E38E1840BE448DBCC2643F9ED9B52B07D6D4343C3574BBF37A5DFE3C73FF7B7BC30120E409F63248D5A72FCF1C78F9A3E7DFA051FFBD8C7B269D3A6FDEAD8638F1D235740F9ED6F9E7AEAA96B52DCDDB2094B0AC06340F8D9254B965CDDDFF2C24838409DD868A38DE6CE983123DB6CB3CD6CE9BD1C46D2A815471F7DF45E8F3FFEF8455FFBDAD706BCE31DEFC8DEF6B6B70D38E79C73CE3DFCF0C35F39F3CC337FDD0B1F61AB9466A5B4A074DFBA29AD9EFF3C2CFFBDAD4B037D39A568204FCFDB8D7AA9507E7BB7FC4EAB2A771BE6E5B628BF5BA4744D1BAFFF4E4A17E7EFB1D2CB6F4C396F6C6C8CCFBA7FE9EE6B2EBBECB2058270EA525353D3B0FBEEBBEF80BBEFBE7BDF9933676E9F1AEAABCE9F3F7FD0C2850BB341830635ADB1C61AAFAEB3CE3A4FAEB9E69A7F4F4FFF7FDFFAD6B7FE2DD7A07E444FFC134F3C7146F4C4A74AECD4638F3DF6B9534E39659C9C819A2FB717170DF8901AF1D937BEF18D813FFCE10F2F4C0DF9AC171AF23BA5B4754AD7B6F17834E8DF5F1584EF9E37D6D7CE1BF9BBE7417C3CEF9294EEF0EDA2FCF65AF9FD644A534AF745A7DAC2FCE7ED537A6755105E94DF75F372BB4B7EFFDB6AA4FCFEAA1C843734345CDE1F8F2F41781F08BE7FFBDBDFFEE2E4934F1EF5DC73CF0DDA76DB6DB35D76D925DB74D34DB3147467C3860DCB5220DEF0FCF3CF0F4927922DA74E9DBAE55D77DDB56F3A713CFEC20B2F9CFC8B5FFCE25CB908B5AD067AE2C351294DCC9A7BD3B72F3508A201BF5D4A93DAA967BE97D20F527AD6B7497F71E289271E105357BFFAD5AFB634E00B6F79CB5BB2C30E3B6CE059679D75E1A1871EFAD24F7EF2932B7AF8E344C7FBE4AAFBD6CDCBF2AD296D53F558519ECF49E9B8BC1CFF6F4ADFCE1BFFAB674B8FAC83F2DB73A694CAEFEA79D9DD22A54DB2E6192A2FB4517E7F99D297B2E6D1F46FA4F4B5ACB953AD78DD4A9162935B6390B03074E8D0C98270EACAADB7DEFAC5EF7EF7BB3F9D376FDED0C6C6C64AEFDCC081035B3BD82B69BDF5D6CBE244F2F9CF7FBEE19E7BEED97CC28409FF77C821871C397BF6EC4F5D76D9650FCB51A83D35D2131F86A7747AFEF33E79A37D56FEFB67DA09C2A337FEC694F64BE9AC52E0FE9E94AEF40DD3971BF0A99C0E88F2DA9AB8FF88238E1878C619675C9AEAE511175E78E1553DFCB17669E5BE85556DC161F9F38A16F2DC94F6CECBECB579B9DD24FFFDACCCD47494DF95597EA7B5527E63D4BCE8F0BE317F5D94D9ABF29FA3EEDE38FECCDE2CBFA3478FDE64D1A2457B363434EC9C02F0E8FC8B6B83C7DE644DE9F7BBF7D9679F29E9B1BFA53866C225975C32BD3F1C673666AB434D4D4D83AEBAEAAA1BC68D1B775E3A090CFDDEF7BE5709AE5B0BC0DB12278FF4BA819FFDEC67B759638D35EE3DF8E0830F92B3507B0D8108C0DBEB899F33674EF4C47FB6073FC68679C51DB763F206F9CB79A5BE45B6EC1AB3B5F34640BC66F7FCF931623625FF39EEDF21FBEF3457E86BE576F4F21AF0E5727CE491470E4E3FFEE680030EF8440F7DA4A27C4ECDCB6D211AC2D3ABCA6F04DFD7E4E53D46DB62C7E2E8A4BF397F2C3ADCA2F3EC740138CA6FAF94DFC294BC4C5697DF8555E57762A9FC16C16C51CEA3FCC6FAF0E37AABFC8E1A356ACF94AE5FB264C97F52907D4EDE0ED8AA1483C6D6E85BA4C7F64CB7A72D5EBCF889C6C6C6BFA4D7EC2708A7E602F01B6FBCF1EF93264DDAF588238EC83EF9C94F762AF8AEB6C71E7BC448DB2A03060C38FBA0830E3A540E43ED04E04543A03A002F143DF10B162C889EF8CFF4D047891EF5583F16A3DEE3F20A3ECB6FE3F74979405D8891B3D8C469724A3BE78DFEC9795A903702A6E6AF5DE89BA62F39ECB0C3F67CF4D1472F888EB3E535E0CB0DF9A38E3A6A486AA45E911A9E1FEDA1329C95CADFB4BC41BF76D6F694F26155017B619BCC347494DFDE2CBFA158FEF189527DFAB63CB89E558BE53705D25BA4FC889DD0AF4869F7948674E2E5BBA4E75F94DEE3A61123466C2508A726FCEE77BFBBEEF2CB2F7FD771C71D97BDF18D6FEC96F7DC7CF3CDB3934E3A2902F1EFF7879E27A88300BC967AE217952AED6217D6B5B2E669A9BBE4A9B5B5DEC764CD23E6E3AA1A12B129CCEFB3E69E70E853E576EEDCB913BFF6B5AF0D6CABE3ACBD727CF4D1470F1E3468D015FBECB3CF27BBF9A32D2CDD2EC883F0B9A532D99629A5067F9166F9A6517E7BB5FC8675B3D647AE17D562F94D79D098628ABB5220BD47715F0C18467BE6E0830FCE4E3DF5D4EC17BFF845367EFCF8ECBCF3CECBCE38E38C2CE57BB6E38E3B6683070F2EBFD54EE97577F7D5D844105E47620DF89FFEF4A75DE3408DF5DDDD29DEEFD8638F5D3D1DFCE7A4837D1BB90D2B478DF6C46F9107CD63F2DB1BAB2AF33FA4747EDE5028D6A4C548795C276CCF52001F1BC3C4D4D6AF6446C1E9438E3BEEB8FDA64D9B7661571AF0E5727CE491470E1B3264C8653DD4900FC5F2922897ED9D606284ED4379991F9F3F3F5EF71FDF36CAEF4A29BF834AF5F0986CE9CB94558B8EF16DF232FBFFB2E6A561F1F33F7A2100FF640AC02F4EED91D714C177CCDA3DF3CC33B3638E3926DB75D75D2B9B47AFB1C61A95E7AFBAEAAA71F9D5EC7DEF7B5FB47FB2B3CF3EBB7A96EFEA312A9EDA367D6ED9AC20BC4EC42EE8D75D77DDCF3EF1894F74DB0878B518114F8567682A3CE7CB71E87D35DA131F15F79979D0FC7FD97FD7864E4EE980ECBF3DEC5FC82BFE78ECEA3CD80ED153BF7A1E98C728F8DCFC3DA6FBC6E92B0DF8E9D3A75FD0DED2918E8A8EB7548E7BB221FFDDBCBCC6BAEEA3B3D667B10C2ADD4639FE514A3BE6AF1B979F0FCC6441F9EDDDF21B01F7B7F33218E96B59EB1B6C17F76D9E35CF7AB9346BEE509B9CD7CDDFC996BD1A427705E031027E658A592A117404D7B16FD5E8D1A33B3C78B8F6DA6B579E1FAF8B60BD1407FDB2AF8D880BC2EBC495575E795E5C662CD670F7A48F7FFCE3ABACB5D65A5B9A960EBDDF10A8D19EF8A8B8479482E668087CA62A488F51B2B6CE19B1C9D3B7528A93974B22D2A744C759D180EFE8CC958E94E368C80F1E3CF8373D30B3A57C2DF0E979305DBD76F498BC21FF721E84C725CC7E903FB65DFEF32F7DFB28BFBD5A7E175495DFE840DB212FBF0B4A01F8095973E77794DFE8148F3D58CEC89A3BC3A3BEFE71D67CD9D06E156BC0070E1CF8D32200DF7AEBADB3B163C72E15487746BC2E5E1FF9590AC47FD69766EBBA44591D8851F0934F3E79645C86AC6AAD448F38E490435E73EAA9A7C6266D17F7973C4E79FB9D868686A93367CEBC7AF2E4C9767CA5D703F0EE6A08143DF1A79D765A04E2232EBDF4D2ABBBE12396CB4404F7FFCEFE3B0D6E72075EBB55F6DF9171E8138AA52371F9C0A2DCCE9D3B37FBCA57BEB2CC73638A657924E8C5175FCC0E3CF0C0659EF7939FFC245B679D752A0DCF6F7EF39BABA4BAF8F2D4E8DC6BFCF8F1D7ACC0478D69AB735BB9BF5823FEB3940EAF0ACE63C3C55872126D81C5A5C7E2BEF82C231C0128BFBD527ECBFBB294CDCDCBEA4559F34CB422AEBB272FBFD352FA725579BF237FDDFEDD9D9F03060C38B798821E23E0471E7964CB94F3AE8AA9EA31453D82F1279E7822EE8AA9E9D101F881BE700C1A09AF03F7DD77DF014F3FFDF4A0EEEAA55B9EB7BEF5AD43860E1DBA65F46AF5A36CFE7FB183E3061B6C303FFDDD71D2FCE888112356AFD50F7BFEF9E7673366CCA8FCFC9FFF2CBD44EFAEBBEE6AF7B55149CC9F3FBFC3FFD7ADB7DE1A3331DA7C7CD6AC59D98205CBD60FDFFAD6B714DE0EA8839EF86233B6F2CF717DE0A3B2E64BA4AC5DAAFCD7AE7A6DAC436BCC9AD780C7354A2FCB1B053BE4EFB3B623807A2DB7AD2D1D89A994D1888FC663A9719AFDDFFFFDDF52AF8F4D89CA9DEAAF79CD6BB2FDF6DBAFD2802F97E3A38E3A6AD5F4FA892B38B36542D63CFDBC35D139F6DEAC79B4BB302E6FF8C7C64E7129A3B1A554FC21CF3A0A507E7BA5FC5EDC81F2FB4029D09E9897DF07AACAEEF7F3E03CCBBA7987F4B80C590AC063CA7B652D7704CE2B1A809703F1D80BABB4467CA7BE325B57105E07EEBEFBEE7DA371BE229722EB42233E7ABBF7EE6F79DDD0D0B04ABAF95C0AC8FF94F27B662AE8952066CC983135753DE3DB6EBBADD2D318FEF297BF5482E46BAEB9A6928E3FFEF8765FBBEDB6DB663FF8C10F5A7E7FE595572AEFD796E8197EF5D557DB7C7CDD75D78D9904959F6FBEF9E696CF71E79D77566EAFBEFAEAECDBDFFE76DD1F1BE96F3CAABB3BA65ADB842DF23B1D73CBA4679E7966A9D7464F7C6BCF9B3D7B764B03207AE2D3717CF90A06E251A9EF9407CEB123FAE9F9FDB1E95A8C9E9D96D22D59F3E64D45A01ECF8F46C7ACBCD11E3DEFD1033F22FFF9D0FC75D0D3E5F63BD140DC65975DBA6DE65F7EF9C036978E7CF0831FCC5EF7BAD7B5FC9E1AA7592AE7D91D77DC51F9FDDFFFFE7774AEB79C57070D1A94ADB9E69AD9473FBA6C318DF3422AC7B1D7C3841EDCACAD26F3197AE2D8527EDBCCE75D56208F5B2E71FCB18F7DACCB53D0DB12EF179BB515521BFD90BE706C0F54BC6BDF7BDEF39E1FBDFBDDEF1EBAC9269BF4DAFF990EF097FFF18F7FAC3275EAD4F1FD218FB7DB6EBBB1ADDC1DD7341C9ED27E8B162D3A3A0535C3535A9C82CE87D3097C49F9899FFFFCE7C7C6C6763D2D02B1F4BD64D75F7F7DB6DA6AAB65E9FBA95404ABACB24AA522080F3DF450F6B9CF7DAEF273FADCD9E5975F9E0D1B36AC325AFDECB3CF56A65445C510BFCF9B372F7BE081072AEFF3D6B7BEB5D2E31B0E38E080CA7B3EFCF0C3958A67FAF4E995FF277E3FF4D0432BD7978FFF3FC46B22208CCA6CFDF5D7CFB6D9669B6CABADB6AA7CC654F9644F3FFD74E44FCB7BF786C71E7B2CBBE8A28B4EECE663E46F1137A7DB1D529A99F26CDA0A360446CF9A356B7C754320BEABC8C77FFEF39F2D957CE45D3AE6B29D77DEB9E57931A321F2361A08217AE2F7DE7BEFAC3C9ABEC1061B646F78C31B06DF72CB2D9F7DF39BDF7CEFFDF7DFFF60173FEEBD59F394D598FAF64AE9FEC883B8DCD87959F3287704ECD103FF784AF17F3D5DF53EF161637DDA55A5E7778BDE2A83ACBC32D8C5721B3BF937A6F3D5D7D3F97BBB945EDA76DB6D67A5F2F5CA0A34E02B970F7CFBDBDFDEE6F35279CB6EBAE9A696321CE7E228D351864F39E594A56623ADBEFAEA597ABFECB5AF7D6DABEF95CAF1C038A7A672FCB9F4F7DC95CE3D35B7B4A3C8E7F4B7C439727867F37979E5F7DC73CF8DFFA3DDC188784ED45B51C7DD73CF3DD9861B6E58B9FFF1C71FCFD65A6BADA59EBB70E1C24A8A4EE838BFB6553F9D7EFAE995CD708BFA6E793AF2FC3973E654EAC75833DB11453D3E7CF8F0A53E7791E2124F717CC4DF1EFEF5AF7F558EB5A8B7E36F2FD29FFFFCE74A7019C75B21DA01C5FB0C1932A4E6CA6FD5B17564CA8337A7B6CA8B5D2DC3CA6FBBF9FC68FA5B0E4CB7DBE46D9C191D79DDE8D1A3374931436CDE3820CAE7D7BFFEF59663B13B450C74DD75D7156D9ECDD267BC207DC6B9F55C4F1A09AF033366CC58B5B71B97AF7FFDEB632ECEF672BFC5D07492698C29EBA9629F336AD4A8AB56C60879342EE2320E519146AFEBA73EF5A9CAFDBBEFBE7BE5F748E58A3402F3112346442096FDFEF7BFCFAEB8E28A6CB3CD36ABFC1E95F21FFFF8C74AF07CD04107B504F19548299DE48AF7DB61871DB2EDB7DFBEE5F7081023951523E1211A0B31023E73E6CCCA6D11FCF721D11DFB97F437DF1797CCE8CAB2853AEE89EFB1FD128CA4D1931A1A1A62E9C37EF92CA747D3F1767E67CFE1C71F7FFCA8A201BFBCA523110046792C3746A3B3F2BBDFFDEE520DF898B2F9DEF7BE37EADC76DF2F96891D7DF4D129561C30BEC647D4D62CE5F3635DC9E71001645904B5C5F9AFADE7C439B118813BFCF0C32B81651EE0B7745616E2F10F7FF8C3D917BFF8C5ECAF7FFD6BBB817D672E09DB91E74F9830A1A5F3FAB2CB2ECB4E3AE9A4961964BBEDB65BF6DC73CF2DF5FCA8538BD96A4F3EF964E5F889CF1CBB4787FDF7DF7FA9A9BFF7DE7B6FF6FCF3CF67EF7EF7BB974AB1B4ACBA1323FEFE48D5757A8D5A2D95E3D1F9B1353D1D5B1776E6D8527E3B64E394BE94D2ED296FE7A43CFEC5F246C8172D5AB467B1195BE46B794A7E778AA50255EDA5BA9FADABB1530752811F14075F6F4A8DFBF552A15A940ADF58DFC0326263884FA7DB4F478F74CAA347ABA70AF7A418298D0A3C02AF08CC22109B346952E5FE2220AB16957888753A651FF8C0072A01FCAF7FFDEB4A705E8811D668108468F8BCF4D24B2D957CAC012FC47AF408084F38E1844A901FBDFB4503A45CC9C5F4F7EF7CE73B6DF614D7A168D16D171B84A4EFE2B4740CC4AEDF3F498DAB691D0CC097DB10F8EA57BF9AFDEFFFFE6FA5E20FF11D44032F464FCE39E79C96FB43AC993AF8E083DB1C258A0640CC4A38F5D45327A48A75EF15DC24A6A7C4BE0CD1F8897D197E971A5B97A4CAFDE6D4485DD093FF69E46934D2CB9D57AD3DE7FDEF7F7F6529478CB015DF5B746495CB4D8873428C9A1465B5B5F21862C42C669CB4D7608F11B3188DF9F4A73FDDB11E92F4FF46475B74BC953F47E1A28B2EAA7498C5AC8910236651D6AB8F9B984D13530A8B91C450DEF7A13C9256879AB2E6EBD98F49C7DB98944F0B529E4C4CC7DB55ED6DCC991AD07BA5EFFBA2F2264ECB1333926EBCF1C64AD9CDEBD5CA3113C7794B232C1D1F23478EECD0FBA5FF7795238F3C72493A767E9D1AF2FB76D3A68B3D699D523EBF90F2F9B2E5E57339508DD1C862843A8ED318CD2EEAA5C8D7A84F8E3AEAA8CA715E1CEF51274510BBF1C61BB794E908CC5B1BE98E736C5C0AA93D9DDD0C7779CF8FCFF8C8238F54D61DC7FE2D5156D379B912F045B94BC1CE32F564B1CC2CF65939EEB8E32A1DDCD1A910F57994C5A8A3A3B3BC107F6BCC6E2BAF6B0EF1BAE8CC88F34A710EF8CD6F7ED3DC73B2E69AF5568E636AC3FEE9D8DA3F7DF72FA563EBD2F68E2DE5B70B27CAA6A6B5F380FC4BA92E78367DE6DFA7FB7E9DCAE2E4721EA77C6F99A2179D3D3D29DE3F6683E6E2FF3D5D104E8F8ACAA508B07A4BF498A682555CEA80F66D19BDD47BEDB557AF1D0FB14B640AA42AD38D23382E57A051A9C71AEC238E38A2D2C08FF5E26F7AD39B2A9F2F2AF362B4F498638EA93474626A5554CAE560227AC5CBA3AAD1AB5EFC7EC92597B4DC1F23EA91E2B344833D7AE46303932DB6D8A232CA10A2573E1A1045A5DFD3A2A1118D9B54611C938EE1E83188E8A13214BF78F1E2E9A961B6F0C9279F9CB582BBE00F2855405151C52665B1663C2AD53352BE4E6EED455DE989FFD3E37D658400002000494441549FFED4D208E8869EF8C5A79D765AF4C4EF5FC30D8062246DBF141CCECE03F24B870E1D3A79DCB8712B3C7D3D46CFCA4B7B8A11B69861D2D6736284AD98ED112368518EA2811FC1FB0D37DCB054033F1E9F32654AA5E1FFE52F7FB932B2D556601F01C4F20291789FF8DEFFF0873F5482E6A291130DF718452B37D8A3B32DFE963807C488598CE2C467F9DBDFFE56392744F92CD7255136E3EFFFC8473EB24CB05E5E7F1762B42CC41E0FE50EA03AD450DDA95A048AD1D01C356A546C5C7441F9788B729B37E03B75F9C0E8DC880D855299CB5E78E185A261DBF27874AE47BE56074BED79FBDBDFBEDA37BFF9CD05E9FBAF9740BCA5A895F27976CAE7EBAAF3B9DAC73FFEF1A5CA649485E27245D119B9E5965BB6D4894F3DF55425308D7A26EE8FCD4BA35E2B07C51154C5D4ED15A98BA213BADC39D5D9E747D98ABA373EDBC9279F9CFDF297BFAC7CF61075E7B1C71EBBD4EB639F9508CCE36F8A3A353A66A3F3FD7FFEE77F2AFBAE841FFFF8C79572591653F777DA69A7653A00E25C75FBEDB72F53E6EBDC2AA5636B5E3A575F93EA8C71C5B1A5FC768B75539E7E21526A77BE983EFB1FD2B1F4ABC8E354FE5A66CD2EAF1DB2A2A26D5952F7B37505E175201DE44DE9206FE8CD403C35F49E9D3871E2DAA9C07DB79F6473473A1BE2EC1B23A04B0D1BA53C7A64871D76787D6F7CC8FBEFBF3F46522B0140F4E0C7E84034BAA3B28DCA224648434C672E46E0F6DC73CF96D747C51F0D960852A38113814677EF3510BD9445833DA44AA6D702F0A203E9EEBBEF8EEFE57BAD55AA2910AF348AF2A02A82F485A540BD25604F1E8B764B04F2312BA483FF7D442E9F4CEFFDAFF4BA1FA646CF846224574F7C97747924ADBDC0B61E46D88C98755C4C954CDFCB86A96CAF689B66DD5876946E1BE37B4F65E4E175D659E7CA279E78E28828B79D69C01722588CC0313A6ACB53A223EFE3DC5BFE3E3A2A95E3D5D3F964763A1EC6C7D2A8F499EBEDF27FEB54E773F56CB2287FD1415CE4797440C526A0D1B914FB63444764CCEEA9F4A2A4633B5294CB980A1BCF296691144BF9E2BD22C0ED6C5D14E7DCE2DC107BA84487D6F7BFFFFD3603AFF69E1FE79A98311665283AEF22E88E321CE539CEEBF1B963264B5CF924CA71E44D04DCB1E166CC9AB9E0820B2A7F5FEC0712E7812F7DE94B95203E3AE3AACF2D51D6AB3F63D415F1DC58EFDD5E101ECBC7E29C53A7332163847C9F747CED13F9B7EFBEFB3E95F2763DE5B71B7B311B1AE2C01A913EF788C8E3BC5DDCD231D193AADE7F5D41383D2E9DB05F9D3B77EE90CEF4BEAEA874129F9D0ADAC2D4601DDB1FF23855366D06E1E944B338E54504DE31823230FD3E37FD3E29A6CB0E1D3AF49AE8694D4167536F7CCED898258288D81CADD2924915F285175E5809A8A352888A3D46ADA3126DED5A97B186FCACB3CEAA4C21FFD9CF7ED6E6FF53ACE70ED5D3D1A321D19AA8A062C430FEFFF26EEBD118EA4DEF79CF7B2A8D8C2953A67C3F7D575168562F9DACA3C7217AB336CCCF7FCB2D54E580B713B68DA9EA29E8FF656A603EB8DE7AEB5D9A1A99C7EA895F219D1E496B4B3D8CB0D5F38859311BA5D4885FADB506533A870ECBCB686B3669A58D32ACAD321B9D6B3DD0D8DC2AE5FF513135BF2B0DF8425CBAA83485B2A51C7FF6B39FEDF27B6EBFFDF6EB6CBCF1C6F3D3F13BBADEEBDFC8E7D6669345C757719CC731154BA722D88E633DCEF165512FC5F3636955E47794C5621947BCF6E73FFF79A7CE93E580B63C2B2C9D33BBFCFC98613671E2C4CA8C95989512BFC7B9253E5FCC5A89CF5E04D821EAD2785E88E530C506A88562CD7BB5E8788F80BBBC842496ACC5729A38D795CF7FAD89CE8BE8C8CEFAC04CC894BF1BC4F7AEFCF6A8969EE8EEBA2C595BAACAF0B07ACF3841781D480DEDC75385B3556F06E129988A8B4F2FEEAF791EBBC3A786C1D0BC81100178D46611955E9A2ACB49A9D1BFD276642C8FBCC5C66A31AA97F746B6BA3157F5092C46D3A3A1DEDECC8A08EC8B4BA0158D81E2BD5B6B94478018230D11344403BE5CF957AF4BED69B1A15954B8DFFAD6B7967B5DB41123466C9802DD0804564FDFF3BAC56DFEF01679A7CB86F9D28C315D6C60BE69F6ECD9C71D79E491999EF86EB3CC485A34643BA21E46D8EA65C4AC2DC56C94E535E2BBD8C1D59A38C9CCCA5ADF38708B15080E1F49F93E71F2E4C947A532D3E1192CD522B84AEFB5D4DF1BE5F7AAABAEAA9CBFBB22E5EF53E938888DAA2EA991F2DBA1802D7DD6A686C88CAA7C4E41C932B3C9A2EE28CA48CCD8883216F556FC5CDEB83282F208B2E3F17DF7DD7799E3399EDB9500BC2744798B7217572389CDD562C95894CFE81CFBC217BE5039CF47C76B88C7A293303A17A21CC7EC96629957514EAB15756F74C895C5CEDED1D91697B08C197363C78E6DF333C65E3151F6D33176628D9CEF3B726C15D7511D5CD55E7A26B54F5E7BCF3DF728BFDD93CF9109D54B7A96148178B4157B3210AF5A0AB530AB7382F03A901A6237A64A67AB1D77DCB1D7FECFBFFFFDEF51D06EECAF799E07E0519B4D4CE90FA9E2BFBA3BD6A3764B6B33354C8A602CD67B46233C46CA62EA6ADCDFD6A55662943A46D16327D6083CE27256D168FFC4273EB14C405E0EC0DBEB0428C4C87A8CB047A320828572674075C3BF96A4CF36ABA3CF6D6C6CEC74101ED3D823807FE73BDFA927BE67CBEB56F93E001D7A7EAD8FB0D5CB88595B8AD928A5467C799947F9185E98EFDBB08CD8BF61E0C0818BAAEE5BD899329B97DBA64E94D7656639C5FDE958B9F3CC33CF1CFFF5AF7FBDD3535AE3DC186BEFAB77E78E91FBC8A3EA25021D6DC09F76DA69ABA4F71C552B3359DA9B4D566EA44700DED1D964716C16C778B99C462A97D3082E23C565A2DA1353DE3BB3D379778B63E090430EA994ABE8608B403966A4C5DF151DEA118897F7A628EAE2E86C2DF66D89FC883A35CA747119B4F2B115C1765C26F4DA6BAFADBC7FB1BB77DCC6B29BE8808FFAA83DD1299977648FADF163EBD5742C2DC9DB6B83DB2AC3A9FC8E547EBB9ECF551D6795F29BDA81D13B7641BE26FCBEF4F356F1E0DCB9737B34088FF72FA9FBCBEE08C2EBC0BC79F3BE970AFB1752A11FD0DE3532BBD1C2871E7A689B747B687FCBEB38B9A49BC9E904534C73ADB96B1046451D6B53E3B6E8318F9DC763FA6A8C82C52859FAEC95E9B1317B22028B68C0C4066AB1A957888A38D68D5F7CF1C595F5C4F1788CACB5B63E3C2A9FEA0AA85A4C5BAD0E442278F9D18F7E94F5E6CEF1356056AAAB26A7E3E8DA5456275D72C925D36337F4A953A7FE4A4FFC7275FB485A7B1D59B53EC2560F23666D29CD46195B076576B9B39C4E39E594DF1C76D861AFA4FC98986E0776B41C47433D9600943B39CAE5386640C4F28628C31D3D8ED271F1D40F7FF8C368C08FAEF1A5242D81777EDBE9D964D119D45A398D591F1DB9C676D44131BBA55C4F75B563A93BC4393B9F215229BF312B2D66B6C4DF1265F45DEF7AD73297F38C603B02F598D9527432C46C9EE8A08B11EB28F351CF168A8D1B6333D6E8A02F969D459B2082F63ABFB24178293FB6A20762705E15B47B6C29BF9D97FECE25E9EF6CE9388B8037FD7E653A862F9F356BD6A4F29E2C29789F5204E13118545C26B02794CB733245104E8F3BF9E493FF73C411473C9A1AF16F5891D1B48EBAEEBAEB2E4F2788CD3B72B9A53EE4B8749E99962AF889B532E2DD9618BD8A148144B9711D2361C5685839D88860BB355119C7EECD91DA13BDF4ED5DBE29942BA0085A428CDE15417F1FF6423A6E6E89A03B554E9366CC9831B57AC3B0134E38E182638F3DF6253DF1EDEB8991B4362BBE1A1F61AB9711B33AD6E9594E679D75D695A901BF77BA9DD8D1BD1D7EFBDBDF2E357D323A55E27B8A6504B11C21C46D6C7A3766CC98E5BEDF830F3E38339D4786D541005E0EBCBB3C9BAC7CF5807239AD16C77C2C892A9665C5711EB3C422508DBD5162A648888EAA9831B322EDA808C8E2FADCB1416A5B971F6CEBF9D129101D646F7CE31B2B9D7A71C58358A614FB4144B097F2A73243EDECB3CF6EE9108F4E87030F3CB032FB66D75D77AD94ED986D167542BCEFEF7EF7BB4A398F9968E58D1A23D0DC638F3D2AB3DE62E94CF9D2A2756E95AE9461E5B773F2003C0E9A2BA37323E5F1AD6DE5717AEE8DA92EDEBBE85CDA79E79D7BEC7395F71BCAFAC06C5D41789D98376FDEB77F9DA413EBA01E1E0D9F7BC10517BC397676EE4FF93B61C28493EBAEF076A001D091E72CCFF202F09EF83F6B58EC9310BDAF51814E6EAF622AD313DFB558345BC191B4B6D4FA089B11B31E6954AEF02CA768C81F7AE8A123529074E9D7BFFEF5C1ED35E423E88963ACDC888F0E8ED8302FF6CE8899062102C458431F9DA5ED5DDE273ACE4E3FFDF4B5D2DF51D3E5B6A7669345B013B3BC5A2B9F517E639F86D833A1386E7FF0831FB494C9E8688EF3641CDBED8DD245301FCB7ECA755E9499D897A1EC431FFA50A5FCC5FB75E6F911C0C53298989516CB3E623951740A4407420ACE2ACF8DE03B82F1747CB55C89206EA38CC6F93E5E5704F62182F33827C4FDD5CB71A2B33E9E1B41FDE4C9932BEFD19FCBB0F2DB21312B2E2ED3785ECA83291DB90A493AFEAE4C6D95388007DD73CF3D95BC897AA8DB8393B9736393D1F29AF48982707AC579E79D77D921871C72DC9FFEF4A7B7545FBFB53BA593448C826F9D0ADF04B90E4B199102B52E077F7AE23B1F8B663DB42F43AD8FB01931EB56DD3ACBE9273FF9C91523478EFC780AB6FEF08D6F7C63485BDF796CA6575E8B1F9D64712583582F1997B08BCBCD15C7555C7D229E1FDF536B9DECC5CC95F4E3E8F1E3C75FD91FF2B95A9CDFDAEB108EE3BED8AB21943BC5DADAB034966345275704AF31B32482F9E56D6E5AADB3CF8F003CC43927CE27D5AF8FE3A9B5636AB7DD76AB3CBFB88A4359FCAD6D2D198BF35A048D915A5374D8F5F606AA2BEBD8527EDBB56B3AFFDFDCD9CB7FC6B2BB51A346C532BCDD63E020C529CBBD44675744A7483A4E8B00FCE6BE305B57105E47E6CD9BF7E92BAEB8E29F5B6FBDF52AD138EB6EF7DD77DFEFEEBCF3CE4FA493DDAE5DBD062FF455E984BFC2BDAE7AE297AFB7F765A8C511362366DD5A6EBB7D96D36F7EF39B49A9D1F99973CE39E78AAF7DED6BC3AACB71EC25101D33E5C0263A388ACD55632646ACF58FA524113C45633FBEDBEBAEBB2E8BCBA195D5CBCC959E9E4DD6D91959CB1381D4134F3C51F9393AAC5686B63651EDCAF33BFB5E85E278AB3EEEFAF2B1A5FCB699CF9357A47F23FA96E28708C2A33DD29D6BC3A3ACFEFEF7BF6F19054F71CACFFB42FD3430A36E4C9D3A75EEF0E1C3A7A542FDD17432185CACF3EB0EA911FAB7134E38215AA1C78C1F3FFE06B9DD399FFFFCE7C716972C62E58B75BD175D74D189B5F8D96EBFFDF60752C077CB9D77DED9988E9981E58DC0CA52C05C09C88A118EE8893FE8A0832A8176A408EA8A46424C4F7FE081072AA325AD35C64A3DF1FBD76A4FFC76DB6DB73855ACE70F1B36ECC04B9274BE7B60CA94290B7BBA0CC6C8D2061B6CD0E6E3119CC78687857207E8565B6D15D75D8F9DE65BD65DC7A8756CA41653D4636D753444A2F3249E1BEBAC97978A60BF98CE17DF757CF7F1FF9637E18BE3261A3AD1015016EF11EBD323808F35DF65C57B54ED6BD712E4C4FAF718716CEDF118318B4EA168784647503D97C16EAA8F1F4E8DF13B6FBBEDB6BDD37734A8B884684C994C7569CB4C9542E45979B645CC40888D150B319A165339A30C17EBF3A3DC9E71C619F1CB3EA981FC477568F7893D4BA24C462A3AB1FAA3220F2229BFCAEF0AE4E703A90EDF25FDB845B447620955CC2EA9AE9FBA220622BEFFFDEF2F9E3F7F7ED1B8B979D6AC59474F9B366D49BDE79B91F03A73F1C5175F327AF4E8A1DFF9CE777E74D45147ADDE1D23E231029E0EF0ED172F5EFCB34B2FBDF462B90C3D4B4FFCB256D6BE0CF530C266C4AC368D1F3FFE9A9123477E2A35B47F7FD8618755CAF1DA6BAF1DF72FF7B5D1B1D2DEF38A721B0DF8F87FE43628BF35EE0B29DD9ED2BAB1642EE56B6519D58A5CB22C02F0B3CE3AABE9C9279F2C068D173434347CA9AFCCD61DA018D69F4B2EB9E457F3E6CDFBD249279D34FFAAABAE7A21D66074D1DC74921877CA29A7BC3B35D04F480DF4EFCB5DE8BD06C0CB2FBFFCD954C12C8C1EF4964239776EE51AD01154971D7CF0C14BFD1EBB6797D701C6F4F40B2FBCB0659A7A889EF8A22150076BC0FB84E1C38757D679466AED927FF5AAF89B3ABB06B6AF8B0EB5548E3F15E5F8CE3BEF5CDC1DEF190DF833CF3C7348749C09C041F9AD07B146BBA9A929AE9B590990E3CA2E7189CBA253BAB3E275C71F7FFCE2FBEEBBAF656A560AC0BF92F2F481BE9267A6A3D7A9FBEFBF7FEA9BDFFCE609FFFCE73FDF3969D2A45537DE78E398D63AB8832F5F78FDF5D74F8CC2317DFAF435D341BD572A3C93E46AD7998E5E5BEA652A5D4C89DB669B6DFE71DB6DB78D4CC7CFA098621C1B6CC5A65BD5A97AE3B0D8A4ADB5E71553E1A221504C85EB0F0D016550195C89F5F123518E6FBFFDF611E9181CB0D1461B757980A398C29A1AF0FBF7A78E33E557F9557EFB466CB2DD76DB45D41D3B480F883D6B62EF9398AE1F33C3A27DB33C311071E59557663FFDE94F9B4A53D063D9DDB753ACF2D3BE945F82F03A166BC4EFBBEFBE0BDFF8C6374EBBE5965B36BCFAEAAB57FFF7BFFFFD580AAA5F1A3468D04BA991BE7A6CC4930EFEA79E7DF6D919A9A17F6B3AA93E72EEB9E70EBDEBAEBB1AD249E2E7B366CD3A32BDEE69B9A901A101B1721B0029681E992AA986156900144A3DF1FBF7F5B568CAA032582BE578F8F0E177A57A76AFD7BFFEF50336DC70C3015D29B7FD650DA9F2ABFC2ABF7D36369992F2F2A1F4E3EE291E19166BC41F7CF0C1CA9E2271A9CC586617BBC8C7D2A858331E53CE9F79E699581A5B09BECF3FFFFC25E9FB6848AF2B46C0E32A29875C7AE9A53FEE6B79654D781F90EFDA3C71F4E8D19BDC73CF3D7B4F9932E5FDE9F71D528A4D8DA2DB69AD94629789D859F0CF297DA52F6CED0F7D454C898BB569679D75D655871D76D8D077BEF39D5DEE202DA6A0D7C965C8A0CF881927A3468DDAEBF4D34F9F78F8E1870F4EE5784867CB6D660D3828BF752EB53D26343636DE9A82F05FC6A5CBE2BE583A1B57F988B41CE50E909B630D785F9A822E08EFA3E25A7DE9E6AC3C0175168847032005E2971F79E49143B7DF7EFB4E07E2E5CD605225A8210F2BA1213F72E4C83DCF3CF3CC2B53433EEB4843BEB87A41DE71A6DC82F25BF7F2C1BE0FA7607CEF14481F9282F15D3A1177DE9CD279B366CDBAB82F5F32D9C66C0035D40058BC7871F4C4C72631AF74E6B57AE2A1364487DAABAFBEBA672A8FAFDC71C71D2FB4F7DC071F7C70662AEFB17DF00166AE80F2DB0783F189A94DF2E18103076E9982F1C3D35D317B3702F4E212A4711B8388917F47A7B4657ACD07521AD79703F02C33120E507381B89E78A8FF86FCA851A346A4721C335BE6BFE31DEF58E662D4F9DE0DB166327651BE52AE81F2DB5799ADBB2C23E17DD39B527A7FD57D87A5B44DE9F71DF3FB801A6C00E88987FA161D6A8B162DFACC19679CD170FBEDB7CF2F3F56CC5C59BC78F1E735E041F945104EFDF8404A1F4FE9F494FE37FFF97359F3748EAD5AF96EDF96527963834FA774996C84DA0DC49B9A9AA227BEE1AEBBEE9ADFDA73A227FEC4134FD4130F355C8E5343FE73679D7556C36DB7DD36A768C09766AEE83803E5B72FDA27A5F2250F62F6F5A91D78DD35FD253E1584D7AF9B528A4B20DC93D23FF29FAFCB9AD759FC317F3C6C9C355FAF6F933C50FF9F945E93D2CC949E4CE9A359F3A8385063F4C4439F6AC80F3EFAE8A3E7A706FC6A1AF0A0FCF6713158F858E9F758DFBD6AFE73B1CC2EAEE0F4CE3C582F52EC87B369E9F7EFE6718B209CBA511CE011683F9CD2849426A7B459D6DC13F5701E94C731707EB6F45475A0F61A007AE2A18ECB71BAB96AFAF4E9B1B6F42AE51694DF3E6CFB3CB688E5B19FCC53C41C5BE4B7DF4E69BDAC7953B63B537A260FD823BD50FA391E8FD9BE73FA6226D998AD3EBD39A5D7A7B4246B9E66BE591E740F2B1DE09F49696CD63CE21DD7E8BB3CA5DD52FA7BFEDA9753FA5BD6DCE3F45C9E801A6D008C1C393202F1CB77DA69A7E937DF7CF39A0270A82F4D4D4D0F976F01E5B70F8A78E4ED295D92350FFA7D2FA5A7F2C7223EF9639ECA7E9FD219F9CF1BE5CF0B63526ACCE39D3EC748787DFA67D6BCF63B0EE2E979805D3D1DFD903C000FEBE53FBF376B1E0DBF25A535F2E0FCE37970FE8C6C85DA0EC4D3CD3E37DD74532C2DD947000E00D498617920FDED3C3E8941BE7DF278E3C594F64C69FFAAD73C5D0ACE67947EBEB3AF06E0C14878FD1B9E2D7FBBFF388063B7F4F5538A75A56FCA83F562DDF8676523D4BE58233E66CC98D78C1B376EAEDC00006A4CC419BFCA9A67EA469C1123E37FCAEF2F46C0D7AB7ACDFA79905ECCEEFD42D63C7AFEDEBE9C5146C2EB5B6C5430A303CF3B316BDEF820363A78976C83FA250007006AD8C559F3959AE24A4C31E07B741E64175772FA9FAAE7C754F4DBB3E6FDA91ECF9A97CAFE310FC6FB2C23E1F5EDE0947ED081E7458FD36A59F31490AF66CDBD4BEFCB9AA7A43B0E000080EEB047D6BC1BFAA03CB09E99FD77147CF53C2629BB21A51FA574444A3FCE9A97D77E3F6BDEDB4A104E4D796DD67C59B138601796EE8F83FAC15602F098CEF1BDFCF7B8AE78F44C458F5371DDF0D7CB5200006005639408A663FA79ACE98EFD6C62D9EBEEF9E3C35A89530E4AE998ECBFBBA0C73E55BFC89AA7B147807E6EF6DF7DAE04E1AC54B1C9C11F5BB93F46B8CFAEBA2F0EE4DF55DD57FDFB8F65290000B08231CAA529DD5BBA6F7A1E8C8718097F5729608F91F2EF959EFB4A7EFB484A9FC89AD789CFEC8B192508070058BE589F78CB729EF352D67C7D5B40F9EDAFEEADFAFDFCD2CF0B52FA4B2960BFA995EFA9F06207BEB3BA656336E88E82346040D392254B64440D48DF4354A08BE404D0CD9ECCCF2D6DA5D8D577B06C02E597AE37E3FACB1F6A241CBAC1B061C39E7EFEF9E737586BADB564C64A3667CE9CA999EBDE03DDEFE1AC798A64753B6A51A9F1F8886C02E51704E1D00B060F1E7CF3BC79F3F61284AF7CB366CD8ACD40FE2527801EF2ED94F629FD7E4F4A07C896AECB679335A45B99B192E5B3C936567E41100E356FE1C285A7CE9C39F3D39B6EBAE9E086860619B2F24C9B3D7B766CE271B6AC007A486C3A546C24145717317AB682CC26AB1DFD603699F24B4DD0E508DDE0831FFCE06D4D4D4DF7CE98314366AC4453A74EBD3E7D0F333EFCE10FDF2A37FA5965665F869A615F063A2B9F4D26236A403E9B6CB29C809E65241CBAC9C2850BF79B366DDA9D6BACB1C6AA6BAEB9A60CE96573E7CEBD6AF6ECD99F4A01C087E546FF6324AD76F48391B4ED53FA4DE9F758FEB2BF6F7E85EA4FB3C96A437F984DA6FC52138C844337D9638F3D1E4801E067EEBFFFFE79F3E7CF9721BD1C80DF77DF7D6F498DB72FA5EF61AA1CE97F8CA4D58E7E3092F6BB947628A52FF8D6578CD964B5A19FCC26537E1184435FB3FBEEBB4F5AB468D1DEF7DC73CFFCC71F7F7C76AACC644ACF9A961A0DBFBCF7DE7B774C3F7F23E5FFD5B2A47FCA47D25E55E6567E99CC47D22EEF837FDB7679DAA6F4736BBFD3B5321CB3C95ED489BD729466931DDE47FF44E5174138F4F5407CF1E2C53BA6C6C41DB7DC72CB330F3DF4D0DD73E6CC9955EBEB556FBAE9A6EC2B5FF94A76E38D37D6F4E78CF5A6CF3DF7DC1FEEBFFFFEF1E933BF981A0D5BC614740178FF6624AD36F4F191B407B3E6B5EE0B5B49AF941EA70BCC265BB901783F984DA6FC5253AC09871E6A4CC4CD75D75DB7FDCC9933F74A6997F4FBDA290DABD5CF3C6EDCB86CF1E2C595DB1A5F9317974E89F5A6B18EEB6C9BB051B02FC3CA6FC8F7F17D191EF02DF7ACE8C44E6236D9E59B6FBEF9A24D37DD741D6BC47B54CC26BB3ECA6D04E07DBC335BF9A5A638B301D9983163D64E01CC9CE2F761C386BD2605E373E50CF52635E0771F3468D0C4E1C387AF2510EFDD003C46D232CB4246A534BEB5071A1B1BC7A69B13523A71C28409631D356DBBF6DA6BB7193060C08F52597EFB7AEBAD377DDD75D77DDD5A6BADB5A1EB88AFB8984D169B27C6DE0DB1742466AEC41474FBA928BFF42E23E140F6F2CB2F8F29FF9E02F2AFA69B93E50CF5C6485AAFEB4F2369D1668AE9AAA7A774434AD353BAB7F4784488E7B5D588A7E3EA7136591DE9AFB3C9945F04E1406D696A6A3AA2EAAE4304E1D473207EEDB5D7C6BE0C3F9A3E7DBA91B46ED6CA485A655F863E3E92F6DE94CE49E98B293D9FD21F53FA794A1F49E96359F354D72BB3E6CB1FD14D3EF2918F4C493753E404CA2F8270A02F06E19B548D166E346AD4A80DC68F1FFF94DCA11E1949EB51FD7124ED96943E98D2FD296D99DF77487E1B9D9817A47454D6BCB913A0FC82201C685B6363E377B265F78718B064C992A3F34A09EA969134BAD15A29BD276B9EB27A607E5F8C9CBD33A503B2E651B69B641328BFB03CE6E501FBB671FFE7640D408B98BA1AB3837E90D2A6296D95358F9C8DCE9AA7B35E97D2EB651328BF200807DAB4CB2EBBC4D4DC6D5B7BACA1A1618BD8355D2E01545C90DF46C3FD53297D3C6B1E45DB3CA521294D4AE930D904CA2F2C8FE9E8D08FBDEE75AFFB625353535B0F37BCFCF2CBDF4AB7DF9653403FB763D6BC91537829A573539A95D293290D4FE9E294364969175905CA2F08C28136A500FC98E53CBEB7201C20FB474A9F49E9B1BCEDB4464ADBA5F4484A27A6F481AC798AEBB8943E24BB40F985F6988E0EFD544C458F5DD1971384BFE1C0030FDC5C6E01549C9FD23629AD9E355FEA289C9BB7A7D6D28007E51704E1409BD65F7FFDAF37545D97AC5A3CBE60C1822FCA2D80CAE8595C4DE2C5945E93D2D1F9EDB4943E99D2545904CA2F7484E9E8D04F0D1C38F0A076D6839703F108C24F9063403F57DD481F9DDFCEC91BF680F20B1D62241CFAA914806FD5C1E76D9CEFA20E40EB9E9105A0FC82201C68D3C89123BF996E1A3AF2DC9892BEC1061B9C2AD7000040100E74418AAB77EBE4F3DF2AD7000060C559130EFDD0A5975EFAD1EAFB1A1B1B27A79B9D53BA71C28409BBC8250000E87E46C201000040100E000000827000000040100E00000082700000001084CB02000000108403000080201C000000108403000080201C00000004E100000080201C00000004E100000080201C00000004E100000020080700000004E100000020080700000004E100000020080700000041380000002008070000004138000000200807000000413800000008C201000000413800000008C201000000413800000008C201000040100E00000008C201000040100E00000008C201000040100E000000827000000040100E000000827000000040100E00000082700000001084030000008270000000108403000000827000CCF4391100000290494441540000108403000080201C000000108403000080201C000000108403000080201C00000004E100000080201C00000004E100000080201C00000004E100000020080700000004E100000020080700000004E10000002008070000004138000000D08306C902A0CACE8D8D8D63650340B73A4116002008073416010040100EF4B6868686294D4D4D3BA71F6F4C69B21C01E811E3640180201C204B01F8DCFCC7C913264C182B470000A0FBD9980D00000004E100000020080700000004E100000020080700000041B82C00000000413800000008C201000000413800000008C201000040100E00000008C201000040100E00000008C201000040100E000000827000000040100E000000827000000040100E000000827000000010840300000082700000001084030000008270000000108403000080201C000000108403000080201C000000108403000080201C00000004E100000080201C00000004E100000080201C00000004E100000020080700000004E100000020080700000004E100000020080700000041380000002008070000004138000000200807000000413800000008C201000000413800000008C2010000808E1B240B802A27343636CA050080BC6D240B1084032A1B000000000000000000000000000000000000000000000000000000000000000000000000000000000000000000000000000000000000000000000000000000000000000000000000000000000000000000000000000000000000000000000000000000000000000000000000000000000000000000000000000000000000000000000000000000000000000000000000000000000000000000000000000000000000000000000000000000000000000000000000000000000000000000000056DCFF076FDBDB8DCDADE67B0000000049454E44AE426082, NULL);
INSERT INTO `act_ge_bytearray` VALUES ('17502', 1, 'LeaveBill.bpmn20.xml', '17501', 0x3C3F786D6C2076657273696F6E3D22312E302220656E636F64696E673D225554462D38223F3E0A3C646566696E6974696F6E7320786D6C6E733D22687474703A2F2F7777772E6F6D672E6F72672F737065632F42504D4E2F32303130303532342F4D4F44454C2220786D6C6E733A7873693D22687474703A2F2F7777772E77332E6F72672F323030312F584D4C536368656D612D696E7374616E63652220786D6C6E733A7873643D22687474703A2F2F7777772E77332E6F72672F323030312F584D4C536368656D612220786D6C6E733A61637469766974693D22687474703A2F2F61637469766974692E6F72672F62706D6E2220786D6C6E733A62706D6E64693D22687474703A2F2F7777772E6F6D672E6F72672F737065632F42504D4E2F32303130303532342F44492220786D6C6E733A6F6D6764633D22687474703A2F2F7777772E6F6D672E6F72672F737065632F44442F32303130303532342F44432220786D6C6E733A6F6D6764693D22687474703A2F2F7777772E6F6D672E6F72672F737065632F44442F32303130303532342F44492220747970654C616E67756167653D22687474703A2F2F7777772E77332E6F72672F323030312F584D4C536368656D61222065787072657373696F6E4C616E67756167653D22687474703A2F2F7777772E77332E6F72672F313939392F585061746822207461726765744E616D6573706163653D22687474703A2F2F7777772E61637469766974692E6F72672F70726F63657373646566223E0A20203C70726F636573732069643D224C6561766542696C6C22206E616D653D22E8AFB7E58187E6B581E7A88B2220697345786563757461626C653D2274727565223E0A202020203C73746172744576656E742069643D2273746172744576656E7422206E616D653D22E5BC80E5A78B223E3C2F73746172744576656E743E0A202020203C656E644576656E742069643D22656E644576656E7422206E616D653D22E7BB93E69D9F223E3C2F656E644576656E743E0A202020203C757365725461736B2069643D22757365725461736B3122206E616D653D22E68F90E4BAA4E794B3E8AFB7222061637469766974693A61737369676E65653D22247B757365726E616D657D223E3C2F757365725461736B3E0A202020203C757365725461736B2069643D22757365725461736B3222206E616D653D22E5AEA1E689B95BE4B88AE7BAA7E9A286E5AFBC5D223E0A2020202020203C657874656E73696F6E456C656D656E74733E0A20202020202020203C61637469766974693A7461736B4C697374656E6572206576656E743D226372656174652220636C6173733D22636F6D2E6C756F62656E2E77617265686F7573652E7379732E6C697374656E65722E4D795461736B4C697374656E6572496D706C223E3C2F61637469766974693A7461736B4C697374656E65723E0A2020202020203C2F657874656E73696F6E456C656D656E74733E0A202020203C2F757365725461736B3E0A202020203C757365725461736B2069643D22757365725461736B3322206E616D653D22E5AEA1E689B95BE4B88AE4B88AE7BAA7E9A286E5AFBC5D223E0A2020202020203C657874656E73696F6E456C656D656E74733E0A20202020202020203C61637469766974693A7461736B4C697374656E6572206576656E743D226372656174652220636C6173733D22636F6D2E6C756F62656E2E77617265686F7573652E7379732E6C697374656E65722E4D795461736B4C697374656E6572496D706C223E3C2F61637469766974693A7461736B4C697374656E65723E0A2020202020203C2F657874656E73696F6E456C656D656E74733E0A202020203C2F757365725461736B3E0A202020203C6578636C7573697665476174657761792069643D227369642D44424335324130452D384630332D343944362D424637332D373645303939414341374242223E3C2F6578636C7573697665476174657761793E0A202020203C6578636C7573697665476174657761792069643D227369642D36463731304241332D453546462D343342412D423232422D384444414632334544334632223E3C2F6578636C7573697665476174657761793E0A202020203C6578636C7573697665476174657761792069643D227369642D37433533414330452D323531452D343231352D414544342D334643354435393931443734223E3C2F6578636C7573697665476174657761793E0A202020203C73657175656E6365466C6F772069643D22666C6F77322220736F757263655265663D22757365725461736B3122207461726765745265663D227369642D44424335324130452D384630332D343944362D424637332D373645303939414341374242223E3C2F73657175656E6365466C6F773E0A202020203C73657175656E6365466C6F772069643D22666C6F77312220736F757263655265663D2273746172744576656E7422207461726765745265663D22757365725461736B31223E3C2F73657175656E6365466C6F773E0A202020203C73657175656E6365466C6F772069643D22666C6F773322206E616D653D22E68F90E4BAA42220736F757263655265663D227369642D44424335324130452D384630332D343944362D424637332D37364530393941434137424222207461726765745265663D22757365725461736B32223E0A2020202020203C636F6E646974696F6E45787072657373696F6E207873693A747970653D2274466F726D616C45787072657373696F6E223E3C215B43444154415B247B6F7574636F6D653D3D27E68F90E4BAA4277D5D5D3E3C2F636F6E646974696F6E45787072657373696F6E3E0A202020203C2F73657175656E6365466C6F773E0A202020203C73657175656E6365466C6F772069643D22666C6F77352220736F757263655265663D22757365725461736B3222207461726765745265663D227369642D36463731304241332D453546462D343342412D423232422D384444414632334544334632223E3C2F73657175656E6365466C6F773E0A202020203C73657175656E6365466C6F772069643D22666C6F773622206E616D653D22E5908CE6848F2220736F757263655265663D227369642D36463731304241332D453546462D343342412D423232422D38444441463233454433463222207461726765745265663D22757365725461736B33223E0A2020202020203C636F6E646974696F6E45787072657373696F6E207873693A747970653D2274466F726D616C45787072657373696F6E223E3C215B43444154415B247B6F7574636F6D653D3D27E5908CE6848F277D5D5D3E3C2F636F6E646974696F6E45787072657373696F6E3E0A202020203C2F73657175656E6365466C6F773E0A202020203C73657175656E6365466C6F772069643D22666C6F77313022206E616D653D22E9A9B3E59B9E2220736F757263655265663D227369642D37433533414330452D323531452D343231352D414544342D33464335443539393144373422207461726765745265663D22757365725461736B31223E0A2020202020203C636F6E646974696F6E45787072657373696F6E207873693A747970653D2274466F726D616C45787072657373696F6E223E3C215B43444154415B247B6F7574636F6D653D3D27E9A9B3E59B9E277D5D5D3E3C2F636F6E646974696F6E45787072657373696F6E3E0A202020203C2F73657175656E6365466C6F773E0A202020203C73657175656E6365466C6F772069643D22666C6F77382220736F757263655265663D22757365725461736B3322207461726765745265663D227369642D37433533414330452D323531452D343231352D414544342D334643354435393931443734223E3C2F73657175656E6365466C6F773E0A202020203C73657175656E6365466C6F772069643D22666C6F773922206E616D653D22E5908CE6848F2220736F757263655265663D227369642D37433533414330452D323531452D343231352D414544342D33464335443539393144373422207461726765745265663D22656E644576656E74223E0A2020202020203C636F6E646974696F6E45787072657373696F6E207873693A747970653D2274466F726D616C45787072657373696F6E223E3C215B43444154415B247B6F7574636F6D653D3D27E5908CE6848F277D5D5D3E3C2F636F6E646974696F6E45787072657373696F6E3E0A202020203C2F73657175656E6365466C6F773E0A202020203C73657175656E6365466C6F772069643D22666C6F773422206E616D653D22E694BEE5BC832220736F757263655265663D227369642D44424335324130452D384630332D343944362D424637332D37364530393941434137424222207461726765745265663D22656E644576656E74223E0A2020202020203C636F6E646974696F6E45787072657373696F6E207873693A747970653D2274466F726D616C45787072657373696F6E223E3C215B43444154415B247B6F7574636F6D653D3D27E694BEE5BC83277D5D5D3E3C2F636F6E646974696F6E45787072657373696F6E3E0A202020203C2F73657175656E6365466C6F773E0A202020203C73657175656E6365466C6F772069643D22666C6F773722206E616D653D22E9A9B3E59B9E2220736F757263655265663D227369642D36463731304241332D453546462D343342412D423232422D38444441463233454433463222207461726765745265663D22757365725461736B31223E0A2020202020203C636F6E646974696F6E45787072657373696F6E207873693A747970653D2274466F726D616C45787072657373696F6E223E3C215B43444154415B247B6F7574636F6D653D3D27E9A9B3E59B9E277D5D5D3E3C2F636F6E646974696F6E45787072657373696F6E3E0A202020203C2F73657175656E6365466C6F773E0A20203C2F70726F636573733E0A20203C62706D6E64693A42504D4E4469616772616D2069643D2242504D4E4469616772616D5F4C6561766542696C6C223E0A202020203C62706D6E64693A42504D4E506C616E652062706D6E456C656D656E743D224C6561766542696C6C222069643D2242504D4E506C616E655F4C6561766542696C6C223E0A2020202020203C62706D6E64693A42504D4E53686170652062706D6E456C656D656E743D2273746172744576656E74222069643D2242504D4E53686170655F73746172744576656E74223E0A20202020202020203C6F6D6764633A426F756E6473206865696768743D2233302E30222077696474683D2233302E302220783D223130352E302220793D223230352E30223E3C2F6F6D6764633A426F756E64733E0A2020202020203C2F62706D6E64693A42504D4E53686170653E0A2020202020203C62706D6E64693A42504D4E53686170652062706D6E456C656D656E743D22656E644576656E74222069643D2242504D4E53686170655F656E644576656E74223E0A20202020202020203C6F6D6764633A426F756E6473206865696768743D2232382E30222077696474683D2232382E302220783D223931352E302220793D223230382E30223E3C2F6F6D6764633A426F756E64733E0A2020202020203C2F62706D6E64693A42504D4E53686170653E0A2020202020203C62706D6E64693A42504D4E53686170652062706D6E456C656D656E743D22757365725461736B31222069643D2242504D4E53686170655F757365725461736B31223E0A20202020202020203C6F6D6764633A426F756E6473206865696768743D2238302E30222077696474683D223130302E302220783D223231302E302220793D223138302E30223E3C2F6F6D6764633A426F756E64733E0A2020202020203C2F62706D6E64693A42504D4E53686170653E0A2020202020203C62706D6E64693A42504D4E53686170652062706D6E456C656D656E743D22757365725461736B32222069643D2242504D4E53686170655F757365725461736B32223E0A20202020202020203C6F6D6764633A426F756E6473206865696768743D2238302E30222077696474683D223130302E302220783D223433352E302220793D223138342E30223E3C2F6F6D6764633A426F756E64733E0A2020202020203C2F62706D6E64693A42504D4E53686170653E0A2020202020203C62706D6E64693A42504D4E53686170652062706D6E456C656D656E743D22757365725461736B33222069643D2242504D4E53686170655F757365725461736B33223E0A20202020202020203C6F6D6764633A426F756E6473206865696768743D2238302E30222077696474683D223130302E302220783D223637352E302220793D223138322E30223E3C2F6F6D6764633A426F756E64733E0A2020202020203C2F62706D6E64693A42504D4E53686170653E0A2020202020203C62706D6E64693A42504D4E53686170652062706D6E456C656D656E743D227369642D44424335324130452D384630332D343944362D424637332D373645303939414341374242222069643D2242504D4E53686170655F7369642D44424335324130452D384630332D343944362D424637332D373645303939414341374242223E0A20202020202020203C6F6D6764633A426F756E6473206865696768743D2234302E30222077696474683D2234302E302220783D223334352E302220793D223230342E30223E3C2F6F6D6764633A426F756E64733E0A2020202020203C2F62706D6E64693A42504D4E53686170653E0A2020202020203C62706D6E64693A42504D4E53686170652062706D6E456C656D656E743D227369642D36463731304241332D453546462D343342412D423232422D384444414632334544334632222069643D2242504D4E53686170655F7369642D36463731304241332D453546462D343342412D423232422D384444414632334544334632223E0A20202020202020203C6F6D6764633A426F756E6473206865696768743D2234302E30222077696474683D2234302E302220783D223538352E302220793D223230322E30223E3C2F6F6D6764633A426F756E64733E0A2020202020203C2F62706D6E64693A42504D4E53686170653E0A2020202020203C62706D6E64693A42504D4E53686170652062706D6E456C656D656E743D227369642D37433533414330452D323531452D343231352D414544342D334643354435393931443734222069643D2242504D4E53686170655F7369642D37433533414330452D323531452D343231352D414544342D334643354435393931443734223E0A20202020202020203C6F6D6764633A426F756E6473206865696768743D2234302E30222077696474683D2234302E302220783D223832352E302220793D223230322E30223E3C2F6F6D6764633A426F756E64733E0A2020202020203C2F62706D6E64693A42504D4E53686170653E0A2020202020203C62706D6E64693A42504D4E456467652062706D6E456C656D656E743D22666C6F7731222069643D2242504D4E456467655F666C6F7731223E0A20202020202020203C6F6D6764693A776179706F696E7420783D223133352E302220793D223232302E30223E3C2F6F6D6764693A776179706F696E743E0A20202020202020203C6F6D6764693A776179706F696E7420783D223231302E302220793D223232302E30223E3C2F6F6D6764693A776179706F696E743E0A2020202020203C2F62706D6E64693A42504D4E456467653E0A2020202020203C62706D6E64693A42504D4E456467652062706D6E456C656D656E743D22666C6F7732222069643D2242504D4E456467655F666C6F7732223E0A20202020202020203C6F6D6764693A776179706F696E7420783D223331302E302220793D223232312E39303437363139303437363139223E3C2F6F6D6764693A776179706F696E743E0A20202020202020203C6F6D6764693A776179706F696E7420783D223334352E37333339343439353431323834352220793D223232332E3236363035353034353837313535223E3C2F6F6D6764693A776179706F696E743E0A2020202020203C2F62706D6E64693A42504D4E456467653E0A2020202020203C62706D6E64693A42504D4E456467652062706D6E456C656D656E743D22666C6F7733222069643D2242504D4E456467655F666C6F7733223E0A20202020202020203C6F6D6764693A776179706F696E7420783D223338342E353739383331393332373733312220793D223232342E3432303136383036373232363838223E3C2F6F6D6764693A776179706F696E743E0A20202020202020203C6F6D6764693A776179706F696E7420783D223433352E302220793D223232342E32303932303530323039323035223E3C2F6F6D6764693A776179706F696E743E0A2020202020203C2F62706D6E64693A42504D4E456467653E0A2020202020203C62706D6E64693A42504D4E456467652062706D6E456C656D656E743D22666C6F7734222069643D2242504D4E456467655F666C6F7734223E0A20202020202020203C6F6D6764693A776179706F696E7420783D223336352E352220793D223230342E35223E3C2F6F6D6764693A776179706F696E743E0A20202020202020203C6F6D6764693A776179706F696E7420783D223336352E352220793D2234382E30223E3C2F6F6D6764693A776179706F696E743E0A20202020202020203C6F6D6764693A776179706F696E7420783D223932392E302220793D2234382E30223E3C2F6F6D6764693A776179706F696E743E0A20202020202020203C6F6D6764693A776179706F696E7420783D223932392E302220793D223230382E30223E3C2F6F6D6764693A776179706F696E743E0A2020202020203C2F62706D6E64693A42504D4E456467653E0A2020202020203C62706D6E64693A42504D4E456467652062706D6E456C656D656E743D22666C6F7735222069643D2242504D4E456467655F666C6F7735223E0A20202020202020203C6F6D6764693A776179706F696E7420783D223533352E302220793D223232332E3136363636363636363636363636223E3C2F6F6D6764693A776179706F696E743E0A20202020202020203C6F6D6764693A776179706F696E7420783D223538352E3332373836383835323435392220793D223232322E333237383638383532343539223E3C2F6F6D6764693A776179706F696E743E0A2020202020203C2F62706D6E64693A42504D4E456467653E0A2020202020203C62706D6E64693A42504D4E456467652062706D6E456C656D656E743D22666C6F7736222069643D2242504D4E456467655F666C6F7736223E0A20202020202020203C6F6D6764693A776179706F696E7420783D223632342E353739383331393332373733312220793D223232322E3432303136383036373232363838223E3C2F6F6D6764693A776179706F696E743E0A20202020202020203C6F6D6764693A776179706F696E7420783D223637352E302220793D223232322E32303932303530323039323035223E3C2F6F6D6764693A776179706F696E743E0A2020202020203C2F62706D6E64693A42504D4E456467653E0A2020202020203C62706D6E64693A42504D4E456467652062706D6E456C656D656E743D22666C6F773130222069643D2242504D4E456467655F666C6F773130223E0A20202020202020203C6F6D6764693A776179706F696E7420783D223834352E352220793D223234312E35223E3C2F6F6D6764693A776179706F696E743E0A20202020202020203C6F6D6764693A776179706F696E7420783D223834352E352220793D223339312E30223E3C2F6F6D6764693A776179706F696E743E0A20202020202020203C6F6D6764693A776179706F696E7420783D223236302E302220793D223339312E30223E3C2F6F6D6764693A776179706F696E743E0A20202020202020203C6F6D6764693A776179706F696E7420783D223236302E302220793D223236302E30223E3C2F6F6D6764693A776179706F696E743E0A2020202020203C2F62706D6E64693A42504D4E456467653E0A2020202020203C62706D6E64693A42504D4E456467652062706D6E456C656D656E743D22666C6F7737222069643D2242504D4E456467655F666C6F7737223E0A20202020202020203C6F6D6764693A776179706F696E7420783D223630352E352220793D223234312E35223E3C2F6F6D6764693A776179706F696E743E0A20202020202020203C6F6D6764693A776179706F696E7420783D223630352E352220793D223333392E30223E3C2F6F6D6764693A776179706F696E743E0A20202020202020203C6F6D6764693A776179706F696E7420783D223236302E302220793D223333392E30223E3C2F6F6D6764693A776179706F696E743E0A20202020202020203C6F6D6764693A776179706F696E7420783D223236302E302220793D223236302E30223E3C2F6F6D6764693A776179706F696E743E0A2020202020203C2F62706D6E64693A42504D4E456467653E0A2020202020203C62706D6E64693A42504D4E456467652062706D6E456C656D656E743D22666C6F7738222069643D2242504D4E456467655F666C6F7738223E0A20202020202020203C6F6D6764693A776179706F696E7420783D223737352E302220793D223232322E30223E3C2F6F6D6764693A776179706F696E743E0A20202020202020203C6F6D6764693A776179706F696E7420783D223832352E302220793D223232322E30223E3C2F6F6D6764693A776179706F696E743E0A2020202020203C2F62706D6E64693A42504D4E456467653E0A2020202020203C62706D6E64693A42504D4E456467652062706D6E456C656D656E743D22666C6F7739222069643D2242504D4E456467655F666C6F7739223E0A20202020202020203C6F6D6764693A776179706F696E7420783D223836342E363134343537383331333235342220793D223232322E33383535343231363836373437223E3C2F6F6D6764693A776179706F696E743E0A20202020202020203C6F6D6764693A776179706F696E7420783D223931352E303030323530393838323636332220793D223232322E30383338333038333234303536223E3C2F6F6D6764693A776179706F696E743E0A2020202020203C2F62706D6E64693A42504D4E456467653E0A202020203C2F62706D6E64693A42504D4E506C616E653E0A20203C2F62706D6E64693A42504D4E4469616772616D3E0A3C2F646566696E6974696F6E733E, 0);
INSERT INTO `act_ge_bytearray` VALUES ('17503', 1, 'LeaveBill.LeaveBill.png', '17501', 0x89504E470D0A1A0A0000000D49484452000003B9000001910806000000A0C774B20000228B4944415478DAEDDD0D8C5D659900E071057F56A3984094A801A3C9B21B635C57A3C6451BB2AC35C115943A7466A0B3957414A1A2C82A02293FB2147FB62A12C5200ACB8A2E6111BB5D7EDA42A1200D7F812E3F42951FA1A5B6EB5628B49416EE7EEFDD7B26A7B77766EE9D997BE79E739F27F9323377EE4C87CB7DBFF77DCFF79D73FAFA0000000000000000000000000000000000000000000000000000000000000000000000000000000000000000000000000000000000000000000000000000000000000000000000000000000000000000000000000000000000000000000000000000000000000000000000000000000000000000000000000000000000000000000000000000000000000000000000000000000000000000000000000000000000000000000000000000000000000000000080DD1C75D45115C3300CC3308CA20F551D00A34DAE57010050CF0020290000A8670090140000D43300480A0000EA1900240500403D0380A40000A09E014052000050CF0020290000A8670090140000F50C009282A40000A8670090140000D43300480A0000EA190024050000F50C00920200A09E014052000050CF0020290000A8670090140000D43300480A00807A0600240500403D0380A40000A09E014052000050CF0020290000A8670090140000F50C00920200807A0600490100403D0380A40000A09E0140520000D4335E0500240500403D0380A40000A09E014052000050CF0020290000A8670090140000F50C00920200807A0600490100403D0380A40000A09E0140520000D433EA1900240500403D0380A40000A09E014052000050CF0020290000A8670090140000F50C00920200807A0600490100403D0380A40000A09E014052000050CF0020290000EA190024050000F50C00920200807A0600490100403D0380A40000A8670090140000D43300480A0000EA190024050000F50C00920200807A060049010050CF0020290000A8670090140000D43300480A0000EA1900240500403D0380A40000A09E014052000050CF0020290000A8670090140000D43300480A00807A0600490100403D0380A40000A09E014052000050CF0020290000EA190024050000F50C00920200807A0600490100403D0380A40000A09E0140520000D43300480A0000EA190024050000F50C00920200807A060049010050CF0020290000A8670090140000D43300480A0000EA190024050000F50C00920200A09E014052000050CF0020290000A8670090140000D43300480A00807A060049C1AB0000A8670090140000D43300480A0000EA190024050000F50C00920200A09E014052000050CF0020290000A8670090140000D43300480A00807A06004941520000D43300480A0000EA190024050000F50C00920200807A060049010050CF0020290000A8670090140000D43300480A0000EA1900240500403D0300920200A09E014052000050CF0020290000A8670090140000D43300480A00807A0600490100403D0380A40000A09E014052000050CF0020290000EA19AF0200920200A09E014052000050CF0020290000A8670090140000D43300480A00807A0600490100403D0380A40000A09E014052000050CF0020290000EA19F50C00920200A09E014052000050CF0020290000A8670090140000D43300480A00807A0600490100403D0380A40000A09E014052000050CF0020290000A867A0102A95CA5E8F3CF2C8156BD6AC7971E5CA9595E5CB971B1D1E2B56ACA8DC7CF3CDFF93C690A40000A09E01A6201ADCD5AB5757366DDA54D9B16387314363F3E6CD959B6EBAE9E9D4F01E29290000A86780498A155C0D6ED734BA3B962F5FFEA0A400500C7643D90D852617E84291943598DD3352C2DE2929001483DD507643A1C905BA501C059520BBAAC92DEDC42929346625C84A10C5653794DD506872810237B9CFFEE9A9CA2377FCA472FF8AB3AA233E8FC724564DAEA430355682AC04515C7643D90D852617286893BB75CBFACA7DD79D5EB977D9C9BB8D782CBE27B16A722585C9B312642588F21F2836E450D433409725E827EEFFD51E0D6E369EBC7FA9C42A414B0A536025C84A10E56F72ED86924351CF005D96A01FBCF1BC319BDCF89EC42A414B0AED2F920D314831E3D76E28F18B7A06E8C2047DDFF233C66C72E37B12AB042D29B4BFC9B51224062966FCDA0D257E51CF009A5C095A5210835682C420A5895FBBA1C42FEA19A00B1374AC1A8D95A0E37B12AB042D29B43706AD0489411C2836C42FEA19601A13F4BA5BBF3F66828EEF49AC12B4A4D0DE18B4122406D1E41AE217F50C308D09FA8FEBD756EEBB7ED19EC9393D16DF935825684941912C0611BF7643895F34B9406112748C47EFBC748FE41C8F49AA12B4A4A0C91583885FBBA1C42F9A5CA0584DEEF3CF57D6FDFA077B26E7F4587C4F6295A02585F6C6A09520314871E3D76E28F18B7A06E8B2041D576E7DF8D6F3C72CB0E37BAEEE2A414B0AED2D92AD0489410A7CA0D86E28F18B7A06E89204FDFCF395A7D6DD50F9EF6BBF3666719D8D784E3CD7AAAE042D29B4A748B61224062970936B3794F8453D03CC7C829E68F5D6AAAE042D2974B848B61224062964FCDA0D257E297CEDB234EA9709C61D5E292840826E66F576BC555D895682D6E44E73936B25480C52ACF8B51B4AFC5296DAE5BD69EC1CAFC9EDEFEF3FCC2B050548D0936D70B321D14AD09ADCE96B72AD0489418A15BF7643895F4A57BF5C334E937BDBAC59B3F6F22A41C10A6C4382D6E4CE500C5A091283DD651F2F4173F16B3794F815BFA5AB5FDE3B56933B77EEDCC3BD42A0C93534B93411835682C46097999D46A5F69109E2D76E28F12B7E4B59C3343A37F70EABB8A0C93534B98A8F2663D04A9018EC227F97C6963496D43E3AF74C0E15BFE2B7179BDC3DCECD752E2E48D086043DBBD6E43A92DC440C5A0912835D562067855CC4EF6685B21C2A7EC56F2F4A4DED555671695AA55279D5DAB56B472EB9E4929B162F5EFCF4C2850B770E0F0F57DF404343432F7DEE739FDB71EAA9A73E72DE79E75D96C65F78C5246809DA9164316888C18E17C8133D2E7E0DF12B7ECBDEE47E20772EAE83F68CDDDC5E79E595979E7DF6D93B4F3CF1C4CA85175E5859B3664D65FDFAF595EDDBB757427CDCB46953E5AEBBEEAAA426B8F2852F7CE1A52F7EF18B8F2D58B0E058AFA0042D413B922C060D31D816B3272884B3EFCF16BFE257FC8ADF5E929D9B6B15978652333BFFEB5FFFFAF3279F7C72B581DDB56B57A559F7DC734FE5AB5FFDEAAE91919107E7CC99F30EAFA6042D413B922C060D3138ED05F2EC49C6B7F835C4AFF82D8DC1C1C1B7F4F7F71F9F1ADB2BD25897C673B5D5DCED693C5ADBC2FCE5789E57AB87A51E75AFABAFBEFA86CF7EF6B395A54B97B6D4DCD6BBF6DA6B2BF3E7CFDF6655578296A01D49168386189CD60353B3DBF47CF16B885FF15B08716BA03496A7B1639C7BE4D68F1BD3F387BC7A3DD8E0AE5AB5EAF6134E38A1F2F0C30F57A6C3638F3D56490DF3B6638F3DF6F35E61095A827624590C1A6270CA05F26193F8B9ADBD5A288B5FF12B7ECB2535AA07A646F5DA161ADB4663B5DDA63D245670A3C18D736CA753FCBE050B166C75E4448296A01D4916838618EC6881DCF307ACC4AFF815BFE5D1DFDF7FD4C0C0C0FFE61BD6C1C1C1CAB9E79E5BB9E1861B2ABFFFFDEF2BCF3CF34CB5FF78EEB9E7AAD711BAF5D65B2B4B962CA91C7DF4D1F58DAEDEA417C439B8B14579BA56701BADE81E73CC315BD29BE920AFB6042D413B922C060D4572D366F74D4F813B5DBF47FC1AE257FCCE44837B58EA2376E59BDBCB2EBBACE9C5B92D5BB6549F1F3F976F76D3EF745A6559C55594CF3AEBAC1D710E6E3B2D5BB66C5B7A63DDE61597A025684792C5A0A1486EA9B09DDD25F380F835C4AFF89D8906F7A87C83FBA52F7DA9BA6A3B19F1737161DDBA46D78A6E195D75D555FF16FFB35F78E1854ABB1D77DC711BBD91246809DA9164316828929B2E68B302F96569CCAB7D6C45FDCFF5D42908E257FC8ADF628B7370F35B94172D5A34BA2579B2622BF339E79C53BF75D96ED3328955DCB80F6EDC26A813EEBDF7DE1D5673256809DA9164316828925B8AB328707F1C69BBF6B1D94279AC9FEB994259FC8A5FF15B6CA9C15D915FC19D6A839B6F74EB567457EB3A4A64EDDAB52371B1A9A9DC2AA855F3E7CFDF1847657AFDB5AF5DF6FC6F256809DA916445B2A1489EE040D2BC5AA15B69A150CE17C8D938A6C101B0C3C4AF217EC56F97D6CA87E7CFC19DEC16E5F1B62EE7CFD1B5DBB4442EB9E4929B2EBAE8A24A272D59B2E49EB82973AFBFF6B9805ADEDFDFFF01095A82762459916CF47C913C56E1DAA8E01D2F8E1B3DFFA206CF2FFDCE0CF12B7EC56FB11784B27A392E1AD50E975F7EB9D5DC325ABC78F1D36BD6ACE96893FBEB5FFFFAB1F4265AAAC9DDE39E5DD7345AD995A07B33410F0F0FEFE348B222D92856913C67CE9C37A5B9FCB4F4F1B553289067B7108F8DE2B8D902B9AFC807AC3AB51B2A5EBF6F7DEB5B133EE7CB5FFE72F5F35FFCE21795EDDBB78F3E1E8579FDF3BFFBDDEF8EFEBF893B5B8CF77B4F3FFDF496FED6899E7FDB6DB7559FF7C4134F5466CD9A551DC71C734CE5EAABAFAE3EFEE8A38FEEF6FCDFFCE637D5C7376CD850FDD94F7FFAD3D591FF991FFDE847A569729B7D5F89DFF6BFCE8383836FC92E3615ABAD7FFCE31FDBD297C45597EB6E2F74A00EB104162E5CB8F3A9A79EEA6893BB71E3C64DE90DF48426B7F10DAAEB035F81DD9B05767A2F3C98C63727D1EC3A92ACC915833337AF1F18F3787F7FFF9634BE9AE6F27D5B3C303551A13A511CB75A20E7FFFDCD458AE376ED86BAE9A69BAACD5BD6C4EDBFFFFE95830F3EB8FA798C2BAFBCB2F2B6B7BD6D8FE63276C5659F5F7AE9A5A39F47D3DBA8C96DB669FDCE77BED352933BD1F3E339E79F7F7EF5F3AD5BB756BFFEDDEF7E576D201AFDBD7BEFBD77E5F5AF7F7DD46EA3CDFBB265CBAACF8D731ACBB692DBECFB4AFCB6FF754E8F1F9F3DEF1BDFF846BB7799E66BF19EDF6D5A0AA980AE4E5A9D14FF5E7A036DD7E4366E72F32BBB11F80AEC9E6D721FCD8AE51656861C49EEC29520A3A756725F5B378F6F8F8355298EDFD94481DC6C813A561CFFD9240BE4890E901525874ECB6EA8FA462FBE3EFBECB3776BFA4E39E594EAE7B1EA99AD667EF8C31FAE36B7F179AC7E663FBB76EDDAEAC77C631B5FDF7AEBAD1D6F7257AF5E5D6D50B3E7DE79E79DA3ABB7F9D5E86C644DF0030F3C50FD180D7E34F3D1F41E77DC71A3FFEDAD34BB456972277A5F89DFF6BFCEE9B12BB2EFAF5AB5AAADBD49C463EE6FE9F9DDA6A569B46642130D9E511B0AEC9E6D7237E7DF07B5667778D6AC597B3992DCDD2B41466F9FD337CE2E9DCB1B34BB93DD09D1284E1F9A42813CD5BFA79B5EE729ED868AC66EE5CA95A32BB7F15ACE9F3FBFFAF911471C515DE16DD45CE65772DFF8C63756AEBFFEFAEAE7B1EA1BABC3F5CF6FB6C93DE8A083AAFF766C7B8EAFEFBEFBEE493D3FB62767ABCCFBEDB75FF52AB5D9CFDC78E38DD58F175C70C16EABD4F1D8C2850B2BEBD6ADAB3CFEF8E395919191EA634F3FFD74F5DFC89E73D55557F542FC363A282A7EDBF83AA7AFD7658F4FF705A7EAAD5FBF3EFF77F4FC6ED35298376FDE4B9D5EC9DDB66DDB462BB9E3AEE4DE910AA1C3B266A6D305764CAE679E7966F5F348F4030303D531D111DB781FC5F7E3FE65CDFE5B9118DFFAD6B78EF9FD387A9C1D11AFFF1B7FFAD39F96BDC91DEBFDF1604A00B31D49EEDE95204393DBCC2E9D69889746713C9502B9D5036685789D2713BFF11A5E71C515A39F670DDD35D75C535DC56CF4FC58C9CD5646E3DCD5FAADC1936D72A7732537726AFCBBF1BC7CDE8E5C1F4DF001071C5039F4D04347CFC5BDFDF6DB477FEFC5175FBCC7EAF43DF7DCD3334DAEF8EDFCEB9CC6B6ECEBE9BA6DD078B713CAEFC0D12196C009279CB0A3D3E7E46ED8B0E12147491A06F86ECDED4C15D8F984F58637BCA1F2C10F7E70B723DA91D4E27B71FE4E24F518D9B94B71CE443CE7F8E38FAF7E1D17A388AFB34419E335AF794DE5A31FFD68F5FB71818CF8374E3DF5D4D1DF9F1507F9BF277E3E6BB8B3E745C28DAD53F1F9934F3ED9B1D7A7F6FF6A476A869E491FABE797A7F1DBF4F5FDE9E3DD69DC96C6AA34AE4BFF3F7F951EFFF7F4F9BFA67151FAFA82F4F15FD263E7A68F67A48FA7A4C7BE943E1E97BEFE4C5CBA3E7D3D277DFE0F4D2480BBE7CC997344FAEF3FD491E4EE5A0932DADFE42E58B060EF8F7FFCE37F9E62E0F571DEEBD0D0D0FE697E38207DFD8E14437F991E7B57FAFA6FA2184DFF4F0F4E5F1F92BEFE68FAF8F1F4D827D363FDB578FBC7F4F982343E9FBE3E318D7F4A8F9D1AF199C639E9EB6FA4AF97A4CFBF9FC68569FC243D7659FAF88B34FE23B6B5A5EF5F9B3EAE4CE3E65AFC4F14BB2F7EF2939FDC558BB125537C1BFF5983B87DA8F6F8542C29D38EA8C9E4C10F7DE8437BACE4C6F9B99FF8C427469F17CD5E6CF1EDCB5D7CA9BE416E744EEE4C35B971EE6D3C272EB4131792CA9AD5F86F6D74A1AC58C18DFFEE77BFFBDDD5E6376B6A635537DFECB6D2E496E1FD94E2B7227E3B3B3ABDCB54875802A9C958D7E9AB2B5F77DD75FF65BFFB6E05F66D711FB0B1B6A176AAC08E849725F4D8B2145B9A6295357FA5C57CF2CEB675654787F38FC7793F63359EF13B7EF6B39F553F8F7F2F8E1C8F752E548CAC10D8BC7973F52A90F926373B02DDE9023B15D2AF181C1C7C5DFAB85F5CFD2F15B96F4F9FFF55FA7FF9D75154A7FF9F1F491FFF3E9AD5685AA398AE35B1D1CC7E312E48933E2E4AE39FA3E9AD35BF1745335C6B8AAF6E62D2DFF9918F7C64E72B5EF18A8A23C9DDB71264B46FA41889FF372FA4F15C1A7FAA6DEDDF90C6E3B5ED6D0FA4716F1A77D69ACE683E5746331A079ED2E757A6F1F35ABC5D5C6B5EBF1FCD6C34B5697CBD169F5F4B8F9D1CCD6F34C1D10C47539CC6607AECD3E9EB23E2C064AD793E249AE95A533DD6FBE9E1F4FDCF7DEC631F7B5D6DBE9F3DC538192F7E7FDCC3F13BE5DD50CD36B97131A6AC71CC6FDFCD37B9592398CF8933D1E4C64A55F6FE88BF2F727E9C5F9C6D558EC7162F5EBCC7CFE4AF149DAD54DF77DF7D7B9CABDB032BB9F50B11E2B7CDAF73FA7CAB955C26ED9BDFFCE6459DBE4FEEA2458B96B9725935C01BAEDCCE54939BDFBA9425EB462BB9F5E703654774F317D588DF13ABB47DB52D51F549F83DEF79CF982BB99170B3C6397B2CB651C5E79FFAD4A7461FCB7F9EFD4C8F6C578E0B31CC4A4FD9C791E4EE5D09327A7ABBF21EE7D3A726F8D8E1E1E1578D51906E6DD34E8CC914CA45DE89316DBBA1625B723E67653931B6F0466E9AE89CDC686CF317758A06326B1667722537CBCFEF7CE73BABB93C5B95CD3EAFDF5A1D0797972E5D5A7D3DB203DE71F0FB5DEF7AD768231FE71E97FC7483F16A35F1DBC6D7D939B94CC969A79DF6F6E38F3FFEC55DBB7675ECE2CA030303BF730FAAE6CDC476E548E8715FC097BFFCE5D58B53644DEE57BEF295DDB62C67493CB63EC5E7F9DF91DD62208E808F75E5CAF15672B3737FB38221BE7EF39BDF5CDD3295FD3DAF7EF5ABAB0D70D90AEC4657688D55A60617AD7124B94B57828A707FCD76DF2F334E33880BF564CF19EB79F1FBB2FFA67DF7DDB70C45F2A3B92B2B9FD1C46DC05A8D97B12E0ED7E89CFA56E2B8A8E7D4B7753754BEC96D7491AAEC0AC4D97522B2D73E7F9D8AF8985D9179AC5B08451CC6A93C31F2B172C821878C7E1D8D6596275B7D7EB6E21C79333B381D734C7641AAF8FBFB72E7DEE6E3B82FB7032B5BBD8D9FFBE10F7FD870AE2849933BEEFB4AFCB6FF75767565A62C3531BFBDEBAEBB3AB55539CE655AED55EFBE2637CEBD89AD4A59E2CB12745680363AE7269266BE1088ED58F17BE2F3FAAB49B6DAE48E750190F7BFFFFDBB25F4D81A5DB62637BBD7666CD5A96DA1DC778204EB487217AC0415EDFE9A7D6DBE5F665CC1350AEE46FF6EA3063EFB5E098AE4079B88DBC9C6CD44573F6FF57ED899F7F615EFEAE81DD90D355E931B23BB3644FE6253F5D796A81F1177D9FF9FB886457E95B5D5DD57AD3C3FCBD9AF7CE52BABCD6ABC36EF7BDFFB46BF9F1DB8CE1FB4CE623F9AE998E3EA4F118A95DEFCEF2841FC36F5BE12BFED7F9DDD279729FBCC673E33E7A4934EDAD981D5DC2D03030377C7F9895EF5EE6B72A399CDB62CC511DA589DEDCB9D73134779A3E88DEDC58D7E3E8EE466179A1AEF3CD9BE26B72BE79F1F2BB9D97DFCF2CD735FDD39C2255AC97D53932B408E2477D14A505F81EEAFD989FB65C67F53C477EC06A95FC98DDFD3E8BCFD3234B92DC46DABF1D3ECEDBD5A2D94B3036587CBA146AF9F6E3005E2779AC5354FE2FA2391A7D3E7D503B06D694E52BD3B3434F452AE263850F751222323236BE3685C3BC5F9BFB18ADBE2D1314DEE0C6C578E8B4A640D6BACDAC4C766CEBBC926E4899E9335C1F52BB9D98A56FDF3B3D5A3F8BC7E4B6519577227C991E4195E092ACAFD353B75BFCC88ED68E0EBFFB6F8FBB38368F58D6E199ADC36C571ABF7AF6E368EB37FEF7039D4D0E48ADF6E13773BC89ACFC865ED70F9E597E75771ED362D9B386A918AB16D0F3FFC705BDE406BD7AE8DABC53E95DEAC0779B5BB374167AB35D90A5214B451A4F735D8BED4E8DCBE3857373B07280AFAB868C578FF5E7D933B56B19E5DF8A7AFEE2A8E7D255DC97524B9B831D85790FB6B76E27E99F1BBE2B1B8785DFCAE387F2F7671C4C7382F303E2FE34AEE34C571FD01A3797DAD5FFDBC511C1FD3C27C2187CEC068D7B9EC9A5CF15BD026F7F0AC018DD5DCE9BE0055FCBE8181819772B710B4DBB48C868686064746469EDBB469D3B4BE819E7CF2C95BD21BE8716F9CEE4FD0B5E453191E1EAEAED06417803AF3CC3347576EE23CC3587D8995D558F58995D558F5A96F96637B73ED5E6363AE0247911BE72C8EF737E51BE5BEDA76CEF8F7B3ED9DF17748D08E247753935B84FB6BB6F37E99316744639BBF327BBE508FEDD7D93989F5178ED3E4EE51C0CE6E108FADDCDE6BAC9F2BC4C5E17AB1C96DD7B9EC9A5CF15BE085B81BB32634761E4DD7ED8422579D74D249BBF2ABB8769B96D8E0E0E0FC050B166C9DAE15DD58C18D0637EE0BEAD5ED8D046DAB9523C99ADCEEBEBF6627EE9799BF3A7A7EB7455FDD39C656725B3A60F5B25AFCB57A31B8FA9F9BEA55D9E5D0368E769DCB2E878ADF0237B907E66FCD16572C9F6AA31B39EA9C73CEC99F87BBD56ED31E901AD2A38686869EFEE52F7FF9EC142E46B5E5DBDFFEF64F628B721AC35E554DAE26D791E45E88C122DD5FB313F7CBCC567CB3BF59933BE542B91D07C0C46F178D769DCB2E878ADFA2F726D945A8B215DDC96E5D8E9FAB5BC1B54DB997C45193818181952323231B53D1B3AD95FBE0A642E7F2D424DF11CBFE8E8A687235B98E24F76A0CF675E9FD353B7DBFCCF877E25CE3EC825AF9F3EA35B91D2D940B737BAF5ECEA1ED3A975D0E15BF25E84D86F38D6E9CA31BB92B0EFE347B15E5B8C854FE1CDC18769BF6EE1BEAC86876878787372D5EBCF8FE5B6EB9E5F1F5EBD73F154558D8B66DDBC60D1B363CB462C58AFF3CE38C33AE496FB847A2B98D37A27DED9A5C4DAE23C99ADCEEBCBF66A7EF97197F5F76C5F6EC2ACF8D2EA013DBBA15C963C6DD540E2CF5DC16C7A2E5D0769FCB2E878ADF328815DD34B6E49BD46876E33EBAAB56ADAAAED2665B9923A652CF52DD05F1BDEF7DAF326FDEBC17F33F175B94ED36A57AAFAAB973E79E98DE0C57A4F1681ADB6B6F90F8F8441A4BE3E6C9EE2DA5C9D5E43A922C060D31D8D642F9B049C6ED6C39B4FB1BDD769DCB2E7EC56F5944AF91BFB5D02487DDA620411B2549D08E248B4131587CAD1E68EAF92D8E458CDF769CCB2E7EC56F099BDD236BCDEECE569A5BBB4D418236CA97A01D49168362B0770AE5F7F695F8FED5658FDFE93E975DFC8ADFB2B2DB14246843827624590C8AC172985D2B80678FF3FDCD0AE462C7EF749ECB2E7EC52F80046D943D413B922C06C56079E3D81647F12B7EC52F80046DF464827624590C8AC1F215CA0A64F12B7EC52F80046DF474827624590C8AC1F2C4F112712B7EC5AFF80590A00D09DA9164312806CB60765C68A5CF6D46C4AFF815BF0012B421413B922C06C56019D48A64C4AFF815BF0012B42141674792FBFEFF4A9D8E248B4131A84816BF86F815BF0012B4045D0AFB883831280615C9E2D710BFE217408296A01183861854248B5F43FC8A5F00095A82460C1A6250912C7EC5AFF8F52A0012B421412306C5208A64F12B7EC52F80046D48D0884131A84816BF86F815BF0012B421418B41430C2A92C5AF217EC52F80042D4123060D31A84816BF86F815BF0012B4048D1834C4A02259FC8A5FF10B20411B123462500C2A9211BFE257FC0248D086048D1814838A64F16B885FF10B20414BD08841430C2A92C5AF217EC52F80042D4123060D31A84816BFE257FC8A5FA0D7AC5CB95262EC9EB13D25E89DDE958A644391AC4816BF86F815BF009374F3CD373FB569D326C9B10BC6FAF5EB7F9E12F483DE958A644391AC4816BF86F815BF009374C30D377C62D5AA557FFAC31FFEB04D829CB915DC687057AC58F1781A477A572A920D45B222B918EC86B21B4AFC0274A9D4581D9612C31D911CA2C02BDAF8C10F7E508909BC887F7B6DC4EBFEA00657936B687215C9C5623794DD50E21780764DDE1B63029F356BD6ABBC1A148D95202B418AE4E2B21BCA6E28F10BC0B4EBEFEF3F3626EFDA38CD2B42D15809B212A4482EB6A2EF862AC1B01B4AFC02946EE2DE906B729FF58A50345682AC04299201F10B4036691F9D6B70ABA3BFBFFF4CAF0C456325C84A90221910BF008C9E8B5B379E756E2E80221910BF00459BB08F6ED0E056C7DCB973CFF50A01289201F10B50A4097BF3584D6E1A5BBD42008A6440FC021465B23E7A9C06D7B9B9008A6440FC02146AB2DE385193EB4ACB008A6440FC0298C00130C782F805C0040E608E05C42F00267000732C207E01308103986301F10B600207C01C0BE21700133880391610BF0098C001CCB180F805C0040E608E05C42F80091C00732C207E014CE000986341FC0260020730C702E21700133880391610BF0098C001CCB180F805308103608E05F10B80091CC01C0B885F004CE000E65840FC0260020730C702E217C0040E80391610BF00267000CCB1207E01308103986301F10B80091CC01C0B885F004CE000E65840FC0298C00130C782F805C0040E608EF52A80F805C0040E608E05C42F00267000732C207E014CE000986301F10B600207C01C0BE21700133880391610BF0098C001CCB180F805C0040E608E05C42F80091C00732C885F004CE000E658732C885F004CE000E65840FC0260020730C702E217C004EE550030C702E217C0040E803916C42F00267000732C207E01308103986301F10B80091CC01C0B885F00133800E65810BF0098C00130C782F805C0040E608E05C42F00267000732C207E014CE0267000732C207E014CE000986341FC0260020730C702E21700133880391610BF0098C001CCB180F805308103608E05F10B80091C00732C885F004CE000E65840FC0260020730C702E21700133880391610BF00267000CCB1207E01308103986301F10B80091CC01C0B885F004CE000E65840FC0298C00130C782F805C0040E803916C42F00267000732C207E01308103986301F10B80091CC01C0B885F00133800E65810BF0098C001CCB180F805C0040E608E05C42F00267000732C207E014CE000986341FC7A15004CE000986341FC0230B313B8611886D1BE21D380261700133800801A0900133800801A09C0040E00801A09C0040E00A04602C0040E00A04602C0040E00A04602C0040E00A0460230810300A8910030810300A8910030810300A8910030810300A891004CE05E050000351280091C00408D0480091C00408D0480091C00408D0480091C00408D046002070050230160020700502301600207005023016002070050230198C04DE000006A2400133800801A0900133800801A0900133800801A0900133800801A09C0040E00A04602C0040E00A04602C0040E00A04602C0040E00A04602C0040E00A0460230810300A8910030810300A8910030810300A8910030810300A891004CE000006A24004CE000006A24004CE000006A24004CE000006A24004CE000006A2400133800801A0900133800801A0900133800801A0900133800801A09C0040E00A046F22A0098C00100D4480098C00100D4480098C00100D4480098C00100D44800267000003512002670000035120026700000351200CD4FE0866118866118C69E43A508000000000000000000000000000000000000000000000000000000000000000040A1FC1F06E5809F649D1D980000000049454E44AE426082, 1);

-- ----------------------------
-- Table structure for act_ge_property
-- ----------------------------
DROP TABLE IF EXISTS `act_ge_property`;
CREATE TABLE `act_ge_property`  (
  `NAME_` varchar(64) CHARACTER SET utf8 COLLATE utf8_bin NOT NULL,
  `VALUE_` varchar(300) CHARACTER SET utf8 COLLATE utf8_bin NULL DEFAULT NULL,
  `REV_` int(11) NULL DEFAULT NULL,
  PRIMARY KEY (`NAME_`) USING BTREE
) ENGINE = InnoDB CHARACTER SET = utf8 COLLATE = utf8_bin ROW_FORMAT = Dynamic;

-- ----------------------------
-- Records of act_ge_property
-- ----------------------------
INSERT INTO `act_ge_property` VALUES ('next.dbid', '30001', 13);
INSERT INTO `act_ge_property` VALUES ('schema.history', 'create(5.22.0.0)', 1);
INSERT INTO `act_ge_property` VALUES ('schema.version', '5.22.0.0', 1);

-- ----------------------------
-- Table structure for act_hi_actinst
-- ----------------------------
DROP TABLE IF EXISTS `act_hi_actinst`;
CREATE TABLE `act_hi_actinst`  (
  `ID_` varchar(64) CHARACTER SET utf8 COLLATE utf8_bin NOT NULL,
  `PROC_DEF_ID_` varchar(64) CHARACTER SET utf8 COLLATE utf8_bin NOT NULL,
  `PROC_INST_ID_` varchar(64) CHARACTER SET utf8 COLLATE utf8_bin NOT NULL,
  `EXECUTION_ID_` varchar(64) CHARACTER SET utf8 COLLATE utf8_bin NOT NULL,
  `ACT_ID_` varchar(255) CHARACTER SET utf8 COLLATE utf8_bin NOT NULL,
  `TASK_ID_` varchar(64) CHARACTER SET utf8 COLLATE utf8_bin NULL DEFAULT NULL,
  `CALL_PROC_INST_ID_` varchar(64) CHARACTER SET utf8 COLLATE utf8_bin NULL DEFAULT NULL,
  `ACT_NAME_` varchar(255) CHARACTER SET utf8 COLLATE utf8_bin NULL DEFAULT NULL,
  `ACT_TYPE_` varchar(255) CHARACTER SET utf8 COLLATE utf8_bin NOT NULL,
  `ASSIGNEE_` varchar(255) CHARACTER SET utf8 COLLATE utf8_bin NULL DEFAULT NULL,
  `START_TIME_` datetime(3) NOT NULL,
  `END_TIME_` datetime(3) NULL DEFAULT NULL,
  `DURATION_` bigint(20) NULL DEFAULT NULL,
  `TENANT_ID_` varchar(255) CHARACTER SET utf8 COLLATE utf8_bin NULL DEFAULT '',
  PRIMARY KEY (`ID_`) USING BTREE,
  INDEX `ACT_IDX_HI_ACT_INST_START`(`START_TIME_`) USING BTREE,
  INDEX `ACT_IDX_HI_ACT_INST_END`(`END_TIME_`) USING BTREE,
  INDEX `ACT_IDX_HI_ACT_INST_PROCINST`(`PROC_INST_ID_`, `ACT_ID_`) USING BTREE,
  INDEX `ACT_IDX_HI_ACT_INST_EXEC`(`EXECUTION_ID_`, `ACT_ID_`) USING BTREE
) ENGINE = InnoDB CHARACTER SET = utf8 COLLATE = utf8_bin ROW_FORMAT = Dynamic;

-- ----------------------------
-- Records of act_hi_actinst
-- ----------------------------
INSERT INTO `act_hi_actinst` VALUES ('17506', 'LeaveBill:2:17504', '17505', '17505', 'startEvent', NULL, NULL, '', 'startEvent', NULL, '2020-04-04 17:21:40.798', '2020-04-04 17:21:40.814', 16, '');
INSERT INTO `act_hi_actinst` VALUES ('17508', 'LeaveBill:2:17504', '17505', '17505', 'userTask1', '17509', NULL, '', 'userTask', '', '2020-04-04 17:21:40.815', '2020-04-05 17:08:19.143', 85598328, '');
INSERT INTO `act_hi_actinst` VALUES ('20003', 'LeaveBill:2:17504', '17505', '17505', 'sid-DBC52A0E-8F03-49D6-BF73-76E099ACA7BB', NULL, NULL, NULL, 'exclusiveGateway', NULL, '2020-04-05 17:08:19.144', '2020-04-05 17:08:19.158', 14, '');
INSERT INTO `act_hi_actinst` VALUES ('20004', 'LeaveBill:2:17504', '17505', '17505', 'userTask2', '20005', NULL, '[]', 'userTask', '', '2020-04-05 17:08:19.158', '2020-04-05 17:08:47.160', 28002, '');
INSERT INTO `act_hi_actinst` VALUES ('20008', 'LeaveBill:2:17504', '17505', '17505', 'sid-6F710BA3-E5FF-43BA-B22B-8DDAF23ED3F2', NULL, NULL, NULL, 'exclusiveGateway', NULL, '2020-04-05 17:08:47.160', '2020-04-05 17:08:47.160', 0, '');
INSERT INTO `act_hi_actinst` VALUES ('20009', 'LeaveBill:2:17504', '17505', '17505', 'userTask1', '20010', NULL, '', 'userTask', '', '2020-04-05 17:08:47.160', '2020-04-05 17:09:17.833', 30673, '');
INSERT INTO `act_hi_actinst` VALUES ('20012', 'LeaveBill:2:17504', '17505', '17505', 'sid-DBC52A0E-8F03-49D6-BF73-76E099ACA7BB', NULL, NULL, NULL, 'exclusiveGateway', NULL, '2020-04-05 17:09:17.833', '2020-04-05 17:09:17.833', 0, '');
INSERT INTO `act_hi_actinst` VALUES ('20013', 'LeaveBill:2:17504', '17505', '17505', 'endEvent', NULL, NULL, '', 'endEvent', NULL, '2020-04-05 17:09:17.833', '2020-04-05 17:09:17.833', 0, '');
INSERT INTO `act_hi_actinst` VALUES ('25002', 'LeaveBill:2:17504', '25001', '25001', 'startEvent', NULL, NULL, '', 'startEvent', NULL, '2020-04-07 15:31:37.476', '2020-04-07 15:31:37.487', 11, '');
INSERT INTO `act_hi_actinst` VALUES ('25004', 'LeaveBill:2:17504', '25001', '25001', 'userTask1', '25005', NULL, '', 'userTask', '', '2020-04-07 15:31:37.488', '2020-04-07 15:31:46.412', 8924, '');
INSERT INTO `act_hi_actinst` VALUES ('25009', 'LeaveBill:2:17504', '25001', '25001', 'sid-DBC52A0E-8F03-49D6-BF73-76E099ACA7BB', NULL, NULL, NULL, 'exclusiveGateway', NULL, '2020-04-07 15:31:46.413', '2020-04-07 15:31:46.418', 5, '');
INSERT INTO `act_hi_actinst` VALUES ('25010', 'LeaveBill:2:17504', '25001', '25001', 'userTask2', '25011', NULL, '[]', 'userTask', '', '2020-04-07 15:31:46.418', '2020-04-07 15:32:07.371', 20953, '');
INSERT INTO `act_hi_actinst` VALUES ('25014', 'LeaveBill:2:17504', '25001', '25001', 'sid-6F710BA3-E5FF-43BA-B22B-8DDAF23ED3F2', NULL, NULL, NULL, 'exclusiveGateway', NULL, '2020-04-07 15:32:07.371', '2020-04-07 15:32:07.371', 0, '');
INSERT INTO `act_hi_actinst` VALUES ('25015', 'LeaveBill:2:17504', '25001', '25001', 'userTask3', '25016', NULL, '[]', 'userTask', '', '2020-04-07 15:32:07.371', '2020-04-07 15:32:28.971', 21600, '');
INSERT INTO `act_hi_actinst` VALUES ('25019', 'LeaveBill:2:17504', '25001', '25001', 'sid-7C53AC0E-251E-4215-AED4-3FC5D5991D74', NULL, NULL, NULL, 'exclusiveGateway', NULL, '2020-04-07 15:32:28.971', '2020-04-07 15:32:28.971', 0, '');
INSERT INTO `act_hi_actinst` VALUES ('25020', 'LeaveBill:2:17504', '25001', '25001', 'endEvent', NULL, NULL, '', 'endEvent', NULL, '2020-04-07 15:32:28.971', '2020-04-07 15:32:28.971', 0, '');
INSERT INTO `act_hi_actinst` VALUES ('27502', 'LeaveBill:2:17504', '27501', '27501', 'startEvent', NULL, NULL, '', 'startEvent', NULL, '2020-04-09 20:36:09.278', '2020-04-09 20:36:09.291', 13, '');
INSERT INTO `act_hi_actinst` VALUES ('27504', 'LeaveBill:2:17504', '27501', '27501', 'userTask1', '27505', NULL, '', 'userTask', '', '2020-04-09 20:36:09.292', '2020-04-09 20:36:58.627', 49335, '');
INSERT INTO `act_hi_actinst` VALUES ('27509', 'LeaveBill:2:17504', '27501', '27501', 'sid-DBC52A0E-8F03-49D6-BF73-76E099ACA7BB', NULL, NULL, NULL, 'exclusiveGateway', NULL, '2020-04-09 20:36:58.627', '2020-04-09 20:36:58.634', 7, '');
INSERT INTO `act_hi_actinst` VALUES ('27510', 'LeaveBill:2:17504', '27501', '27501', 'userTask2', '27511', NULL, '[]', 'userTask', '', '2020-04-09 20:36:58.635', '2020-04-09 20:37:52.140', 53505, '');
INSERT INTO `act_hi_actinst` VALUES ('27514', 'LeaveBill:2:17504', '27501', '27501', 'sid-6F710BA3-E5FF-43BA-B22B-8DDAF23ED3F2', NULL, NULL, NULL, 'exclusiveGateway', NULL, '2020-04-09 20:37:52.140', '2020-04-09 20:37:52.140', 0, '');
INSERT INTO `act_hi_actinst` VALUES ('27515', 'LeaveBill:2:17504', '27501', '27501', 'userTask3', '27516', NULL, '[]', 'userTask', '', '2020-04-09 20:37:52.140', '2020-04-09 20:39:02.716', 70576, '');
INSERT INTO `act_hi_actinst` VALUES ('27519', 'LeaveBill:2:17504', '27501', '27501', 'sid-7C53AC0E-251E-4215-AED4-3FC5D5991D74', NULL, NULL, NULL, 'exclusiveGateway', NULL, '2020-04-09 20:39:02.716', '2020-04-09 20:39:02.716', 0, '');
INSERT INTO `act_hi_actinst` VALUES ('27520', 'LeaveBill:2:17504', '27501', '27501', 'userTask1', '27521', NULL, '', 'userTask', '', '2020-04-09 20:39:02.716', NULL, NULL, '');

-- ----------------------------
-- Table structure for act_hi_attachment
-- ----------------------------
DROP TABLE IF EXISTS `act_hi_attachment`;
CREATE TABLE `act_hi_attachment`  (
  `ID_` varchar(64) CHARACTER SET utf8 COLLATE utf8_bin NOT NULL,
  `REV_` int(11) NULL DEFAULT NULL,
  `USER_ID_` varchar(255) CHARACTER SET utf8 COLLATE utf8_bin NULL DEFAULT NULL,
  `NAME_` varchar(255) CHARACTER SET utf8 COLLATE utf8_bin NULL DEFAULT NULL,
  `DESCRIPTION_` varchar(4000) CHARACTER SET utf8 COLLATE utf8_bin NULL DEFAULT NULL,
  `TYPE_` varchar(255) CHARACTER SET utf8 COLLATE utf8_bin NULL DEFAULT NULL,
  `TASK_ID_` varchar(64) CHARACTER SET utf8 COLLATE utf8_bin NULL DEFAULT NULL,
  `PROC_INST_ID_` varchar(64) CHARACTER SET utf8 COLLATE utf8_bin NULL DEFAULT NULL,
  `URL_` varchar(4000) CHARACTER SET utf8 COLLATE utf8_bin NULL DEFAULT NULL,
  `CONTENT_ID_` varchar(64) CHARACTER SET utf8 COLLATE utf8_bin NULL DEFAULT NULL,
  `TIME_` datetime(3) NULL DEFAULT NULL,
  PRIMARY KEY (`ID_`) USING BTREE
) ENGINE = InnoDB CHARACTER SET = utf8 COLLATE = utf8_bin ROW_FORMAT = Dynamic;

-- ----------------------------
-- Table structure for act_hi_comment
-- ----------------------------
DROP TABLE IF EXISTS `act_hi_comment`;
CREATE TABLE `act_hi_comment`  (
  `ID_` varchar(64) CHARACTER SET utf8 COLLATE utf8_bin NOT NULL,
  `TYPE_` varchar(255) CHARACTER SET utf8 COLLATE utf8_bin NULL DEFAULT NULL,
  `TIME_` datetime(3) NOT NULL,
  `USER_ID_` varchar(255) CHARACTER SET utf8 COLLATE utf8_bin NULL DEFAULT NULL,
  `TASK_ID_` varchar(64) CHARACTER SET utf8 COLLATE utf8_bin NULL DEFAULT NULL,
  `PROC_INST_ID_` varchar(64) CHARACTER SET utf8 COLLATE utf8_bin NULL DEFAULT NULL,
  `ACTION_` varchar(255) CHARACTER SET utf8 COLLATE utf8_bin NULL DEFAULT NULL,
  `MESSAGE_` varchar(4000) CHARACTER SET utf8 COLLATE utf8_bin NULL DEFAULT NULL,
  `FULL_MSG_` longblob NULL,
  PRIMARY KEY (`ID_`) USING BTREE
) ENGINE = InnoDB CHARACTER SET = utf8 COLLATE = utf8_bin ROW_FORMAT = Dynamic;

-- ----------------------------
-- Records of act_hi_comment
-- ----------------------------
INSERT INTO `act_hi_comment` VALUES ('20001', 'comment', '2020-04-05 17:08:19.070', '', '17509', '17505', 'AddComment', '[]', 0x5BE68F90E4BAA45DE5908CE6848F);
INSERT INTO `act_hi_comment` VALUES ('20007', 'comment', '2020-04-05 17:08:47.124', '', '20005', '17505', 'AddComment', '[]', 0x5BE9A9B3E59B9E5DE4B88DE8A18C);
INSERT INTO `act_hi_comment` VALUES ('20011', 'comment', '2020-04-05 17:09:17.807', '', '20010', '17505', 'AddComment', '[]', 0x5BE694BEE5BC835D);
INSERT INTO `act_hi_comment` VALUES ('25007', 'comment', '2020-04-07 15:31:46.386', '', '25005', '25001', 'AddComment', '[]aaa', 0x5BE68F90E4BAA45D616161);
INSERT INTO `act_hi_comment` VALUES ('25013', 'comment', '2020-04-07 15:32:07.347', '', '25011', '25001', 'AddComment', '[]a', 0x5BE5908CE6848F5D61);
INSERT INTO `act_hi_comment` VALUES ('25018', 'comment', '2020-04-07 15:32:28.949', '', '25016', '25001', 'AddComment', '[]11', 0x5BE5908CE6848F5D3131);
INSERT INTO `act_hi_comment` VALUES ('27507', 'comment', '2020-04-09 20:36:58.589', '', '27505', '27501', 'AddComment', '[]', 0x5BE68F90E4BAA45DE68F90E4BAA4E794B3E8AFB7);
INSERT INTO `act_hi_comment` VALUES ('27513', 'comment', '2020-04-09 20:37:52.115', '', '27511', '27501', 'AddComment', '[]', 0x5BE5908CE6848F5DE5908CE6848F);
INSERT INTO `act_hi_comment` VALUES ('27518', 'comment', '2020-04-09 20:39:02.693', '', '27516', '27501', 'AddComment', '[]', 0x5BE9A9B3E59B9E5DE4B88DE8A18C);

-- ----------------------------
-- Table structure for act_hi_detail
-- ----------------------------
DROP TABLE IF EXISTS `act_hi_detail`;
CREATE TABLE `act_hi_detail`  (
  `ID_` varchar(64) CHARACTER SET utf8 COLLATE utf8_bin NOT NULL,
  `TYPE_` varchar(255) CHARACTER SET utf8 COLLATE utf8_bin NOT NULL,
  `PROC_INST_ID_` varchar(64) CHARACTER SET utf8 COLLATE utf8_bin NULL DEFAULT NULL,
  `EXECUTION_ID_` varchar(64) CHARACTER SET utf8 COLLATE utf8_bin NULL DEFAULT NULL,
  `TASK_ID_` varchar(64) CHARACTER SET utf8 COLLATE utf8_bin NULL DEFAULT NULL,
  `ACT_INST_ID_` varchar(64) CHARACTER SET utf8 COLLATE utf8_bin NULL DEFAULT NULL,
  `NAME_` varchar(255) CHARACTER SET utf8 COLLATE utf8_bin NOT NULL,
  `VAR_TYPE_` varchar(255) CHARACTER SET utf8 COLLATE utf8_bin NULL DEFAULT NULL,
  `REV_` int(11) NULL DEFAULT NULL,
  `TIME_` datetime(3) NOT NULL,
  `BYTEARRAY_ID_` varchar(64) CHARACTER SET utf8 COLLATE utf8_bin NULL DEFAULT NULL,
  `DOUBLE_` double NULL DEFAULT NULL,
  `LONG_` bigint(20) NULL DEFAULT NULL,
  `TEXT_` varchar(4000) CHARACTER SET utf8 COLLATE utf8_bin NULL DEFAULT NULL,
  `TEXT2_` varchar(4000) CHARACTER SET utf8 COLLATE utf8_bin NULL DEFAULT NULL,
  PRIMARY KEY (`ID_`) USING BTREE,
  INDEX `ACT_IDX_HI_DETAIL_PROC_INST`(`PROC_INST_ID_`) USING BTREE,
  INDEX `ACT_IDX_HI_DETAIL_ACT_INST`(`ACT_INST_ID_`) USING BTREE,
  INDEX `ACT_IDX_HI_DETAIL_TIME`(`TIME_`) USING BTREE,
  INDEX `ACT_IDX_HI_DETAIL_NAME`(`NAME_`) USING BTREE,
  INDEX `ACT_IDX_HI_DETAIL_TASK_ID`(`TASK_ID_`) USING BTREE
) ENGINE = InnoDB CHARACTER SET = utf8 COLLATE = utf8_bin ROW_FORMAT = Dynamic;

-- ----------------------------
-- Table structure for act_hi_identitylink
-- ----------------------------
DROP TABLE IF EXISTS `act_hi_identitylink`;
CREATE TABLE `act_hi_identitylink`  (
  `ID_` varchar(64) CHARACTER SET utf8 COLLATE utf8_bin NOT NULL,
  `GROUP_ID_` varchar(255) CHARACTER SET utf8 COLLATE utf8_bin NULL DEFAULT NULL,
  `TYPE_` varchar(255) CHARACTER SET utf8 COLLATE utf8_bin NULL DEFAULT NULL,
  `USER_ID_` varchar(255) CHARACTER SET utf8 COLLATE utf8_bin NULL DEFAULT NULL,
  `TASK_ID_` varchar(64) CHARACTER SET utf8 COLLATE utf8_bin NULL DEFAULT NULL,
  `PROC_INST_ID_` varchar(64) CHARACTER SET utf8 COLLATE utf8_bin NULL DEFAULT NULL,
  PRIMARY KEY (`ID_`) USING BTREE,
  INDEX `ACT_IDX_HI_IDENT_LNK_USER`(`USER_ID_`) USING BTREE,
  INDEX `ACT_IDX_HI_IDENT_LNK_TASK`(`TASK_ID_`) USING BTREE,
  INDEX `ACT_IDX_HI_IDENT_LNK_PROCINST`(`PROC_INST_ID_`) USING BTREE
) ENGINE = InnoDB CHARACTER SET = utf8 COLLATE = utf8_bin ROW_FORMAT = Dynamic;

-- ----------------------------
-- Records of act_hi_identitylink
-- ----------------------------
INSERT INTO `act_hi_identitylink` VALUES ('17510', NULL, 'participant', '', NULL, '17505');
INSERT INTO `act_hi_identitylink` VALUES ('20006', NULL, 'participant', '', NULL, '17505');
INSERT INTO `act_hi_identitylink` VALUES ('25006', NULL, 'participant', '', NULL, '25001');
INSERT INTO `act_hi_identitylink` VALUES ('25012', NULL, 'participant', '', NULL, '25001');
INSERT INTO `act_hi_identitylink` VALUES ('25017', NULL, 'participant', '', NULL, '25001');
INSERT INTO `act_hi_identitylink` VALUES ('27506', NULL, 'participant', '', NULL, '27501');
INSERT INTO `act_hi_identitylink` VALUES ('27512', NULL, 'participant', '', NULL, '27501');
INSERT INTO `act_hi_identitylink` VALUES ('27517', NULL, 'participant', '', NULL, '27501');

-- ----------------------------
-- Table structure for act_hi_procinst
-- ----------------------------
DROP TABLE IF EXISTS `act_hi_procinst`;
CREATE TABLE `act_hi_procinst`  (
  `ID_` varchar(64) CHARACTER SET utf8 COLLATE utf8_bin NOT NULL,
  `PROC_INST_ID_` varchar(64) CHARACTER SET utf8 COLLATE utf8_bin NOT NULL,
  `BUSINESS_KEY_` varchar(255) CHARACTER SET utf8 COLLATE utf8_bin NULL DEFAULT NULL,
  `PROC_DEF_ID_` varchar(64) CHARACTER SET utf8 COLLATE utf8_bin NOT NULL,
  `START_TIME_` datetime(3) NOT NULL,
  `END_TIME_` datetime(3) NULL DEFAULT NULL,
  `DURATION_` bigint(20) NULL DEFAULT NULL,
  `START_USER_ID_` varchar(255) CHARACTER SET utf8 COLLATE utf8_bin NULL DEFAULT NULL,
  `START_ACT_ID_` varchar(255) CHARACTER SET utf8 COLLATE utf8_bin NULL DEFAULT NULL,
  `END_ACT_ID_` varchar(255) CHARACTER SET utf8 COLLATE utf8_bin NULL DEFAULT NULL,
  `SUPER_PROCESS_INSTANCE_ID_` varchar(64) CHARACTER SET utf8 COLLATE utf8_bin NULL DEFAULT NULL,
  `DELETE_REASON_` varchar(4000) CHARACTER SET utf8 COLLATE utf8_bin NULL DEFAULT NULL,
  `TENANT_ID_` varchar(255) CHARACTER SET utf8 COLLATE utf8_bin NULL DEFAULT '',
  `NAME_` varchar(255) CHARACTER SET utf8 COLLATE utf8_bin NULL DEFAULT NULL,
  PRIMARY KEY (`ID_`) USING BTREE,
  UNIQUE INDEX `PROC_INST_ID_`(`PROC_INST_ID_`) USING BTREE,
  INDEX `ACT_IDX_HI_PRO_INST_END`(`END_TIME_`) USING BTREE,
  INDEX `ACT_IDX_HI_PRO_I_BUSKEY`(`BUSINESS_KEY_`) USING BTREE
) ENGINE = InnoDB CHARACTER SET = utf8 COLLATE = utf8_bin ROW_FORMAT = Dynamic;

-- ----------------------------
-- Records of act_hi_procinst
-- ----------------------------
INSERT INTO `act_hi_procinst` VALUES ('17505', '17505', 'LeaveBill:16', 'LeaveBill:2:17504', '2020-04-04 17:21:40.798', '2020-04-05 17:09:17.836', 85657038, NULL, 'startEvent', 'endEvent', NULL, NULL, '', NULL);
INSERT INTO `act_hi_procinst` VALUES ('25001', '25001', 'LeaveBill:17', 'LeaveBill:2:17504', '2020-04-07 15:31:37.475', '2020-04-07 15:32:28.973', 51498, NULL, 'startEvent', 'endEvent', NULL, NULL, '', NULL);
INSERT INTO `act_hi_procinst` VALUES ('27501', '27501', 'LeaveBill:18', 'LeaveBill:2:17504', '2020-04-09 20:36:09.277', NULL, NULL, NULL, 'startEvent', NULL, NULL, NULL, '', NULL);

-- ----------------------------
-- Table structure for act_hi_taskinst
-- ----------------------------
DROP TABLE IF EXISTS `act_hi_taskinst`;
CREATE TABLE `act_hi_taskinst`  (
  `ID_` varchar(64) CHARACTER SET utf8 COLLATE utf8_bin NOT NULL,
  `PROC_DEF_ID_` varchar(64) CHARACTER SET utf8 COLLATE utf8_bin NULL DEFAULT NULL,
  `TASK_DEF_KEY_` varchar(255) CHARACTER SET utf8 COLLATE utf8_bin NULL DEFAULT NULL,
  `PROC_INST_ID_` varchar(64) CHARACTER SET utf8 COLLATE utf8_bin NULL DEFAULT NULL,
  `EXECUTION_ID_` varchar(64) CHARACTER SET utf8 COLLATE utf8_bin NULL DEFAULT NULL,
  `NAME_` varchar(255) CHARACTER SET utf8 COLLATE utf8_bin NULL DEFAULT NULL,
  `PARENT_TASK_ID_` varchar(64) CHARACTER SET utf8 COLLATE utf8_bin NULL DEFAULT NULL,
  `DESCRIPTION_` varchar(4000) CHARACTER SET utf8 COLLATE utf8_bin NULL DEFAULT NULL,
  `OWNER_` varchar(255) CHARACTER SET utf8 COLLATE utf8_bin NULL DEFAULT NULL,
  `ASSIGNEE_` varchar(255) CHARACTER SET utf8 COLLATE utf8_bin NULL DEFAULT NULL,
  `START_TIME_` datetime(3) NOT NULL,
  `CLAIM_TIME_` datetime(3) NULL DEFAULT NULL,
  `END_TIME_` datetime(3) NULL DEFAULT NULL,
  `DURATION_` bigint(20) NULL DEFAULT NULL,
  `DELETE_REASON_` varchar(4000) CHARACTER SET utf8 COLLATE utf8_bin NULL DEFAULT NULL,
  `PRIORITY_` int(11) NULL DEFAULT NULL,
  `DUE_DATE_` datetime(3) NULL DEFAULT NULL,
  `FORM_KEY_` varchar(255) CHARACTER SET utf8 COLLATE utf8_bin NULL DEFAULT NULL,
  `CATEGORY_` varchar(255) CHARACTER SET utf8 COLLATE utf8_bin NULL DEFAULT NULL,
  `TENANT_ID_` varchar(255) CHARACTER SET utf8 COLLATE utf8_bin NULL DEFAULT '',
  PRIMARY KEY (`ID_`) USING BTREE,
  INDEX `ACT_IDX_HI_TASK_INST_PROCINST`(`PROC_INST_ID_`) USING BTREE
) ENGINE = InnoDB CHARACTER SET = utf8 COLLATE = utf8_bin ROW_FORMAT = Dynamic;

-- ----------------------------
-- Records of act_hi_taskinst
-- ----------------------------
INSERT INTO `act_hi_taskinst` VALUES ('17509', 'LeaveBill:2:17504', 'userTask1', '17505', '17505', '', NULL, NULL, NULL, '', '2020-04-04 17:21:40.818', NULL, '2020-04-05 17:08:19.128', 85598310, 'completed', 50, NULL, NULL, NULL, '');
INSERT INTO `act_hi_taskinst` VALUES ('20005', 'LeaveBill:2:17504', 'userTask2', '17505', '17505', '[]', NULL, NULL, NULL, '', '2020-04-05 17:08:19.158', NULL, '2020-04-05 17:08:47.157', 27999, 'completed', 50, NULL, NULL, NULL, '');
INSERT INTO `act_hi_taskinst` VALUES ('20010', 'LeaveBill:2:17504', 'userTask1', '17505', '17505', '', NULL, NULL, NULL, '', '2020-04-05 17:08:47.160', NULL, '2020-04-05 17:09:17.829', 30669, 'completed', 50, NULL, NULL, NULL, '');
INSERT INTO `act_hi_taskinst` VALUES ('25005', 'LeaveBill:2:17504', 'userTask1', '25001', '25001', '', NULL, NULL, NULL, '', '2020-04-07 15:31:37.490', NULL, '2020-04-07 15:31:46.407', 8917, 'completed', 50, NULL, NULL, NULL, '');
INSERT INTO `act_hi_taskinst` VALUES ('25011', 'LeaveBill:2:17504', 'userTask2', '25001', '25001', '[]', NULL, NULL, NULL, '', '2020-04-07 15:31:46.418', NULL, '2020-04-07 15:32:07.367', 20949, 'completed', 50, NULL, NULL, NULL, '');
INSERT INTO `act_hi_taskinst` VALUES ('25016', 'LeaveBill:2:17504', 'userTask3', '25001', '25001', '[]', NULL, NULL, NULL, '', '2020-04-07 15:32:07.371', NULL, '2020-04-07 15:32:28.968', 21597, 'completed', 50, NULL, NULL, NULL, '');
INSERT INTO `act_hi_taskinst` VALUES ('27505', 'LeaveBill:2:17504', 'userTask1', '27501', '27501', '', NULL, NULL, NULL, '', '2020-04-09 20:36:09.295', NULL, '2020-04-09 20:36:58.619', 49324, 'completed', 50, NULL, NULL, NULL, '');
INSERT INTO `act_hi_taskinst` VALUES ('27511', 'LeaveBill:2:17504', 'userTask2', '27501', '27501', '[]', NULL, NULL, NULL, '', '2020-04-09 20:36:58.635', NULL, '2020-04-09 20:37:52.137', 53502, 'completed', 50, NULL, NULL, NULL, '');
INSERT INTO `act_hi_taskinst` VALUES ('27516', 'LeaveBill:2:17504', 'userTask3', '27501', '27501', '[]', NULL, NULL, NULL, '', '2020-04-09 20:37:52.141', NULL, '2020-04-09 20:39:02.713', 70572, 'completed', 50, NULL, NULL, NULL, '');
INSERT INTO `act_hi_taskinst` VALUES ('27521', 'LeaveBill:2:17504', 'userTask1', '27501', '27501', '', NULL, NULL, NULL, '', '2020-04-09 20:39:02.716', NULL, NULL, NULL, NULL, 50, NULL, NULL, NULL, '');

-- ----------------------------
-- Table structure for act_hi_varinst
-- ----------------------------
DROP TABLE IF EXISTS `act_hi_varinst`;
CREATE TABLE `act_hi_varinst`  (
  `ID_` varchar(64) CHARACTER SET utf8 COLLATE utf8_bin NOT NULL,
  `PROC_INST_ID_` varchar(64) CHARACTER SET utf8 COLLATE utf8_bin NULL DEFAULT NULL,
  `EXECUTION_ID_` varchar(64) CHARACTER SET utf8 COLLATE utf8_bin NULL DEFAULT NULL,
  `TASK_ID_` varchar(64) CHARACTER SET utf8 COLLATE utf8_bin NULL DEFAULT NULL,
  `NAME_` varchar(255) CHARACTER SET utf8 COLLATE utf8_bin NOT NULL,
  `VAR_TYPE_` varchar(100) CHARACTER SET utf8 COLLATE utf8_bin NULL DEFAULT NULL,
  `REV_` int(11) NULL DEFAULT NULL,
  `BYTEARRAY_ID_` varchar(64) CHARACTER SET utf8 COLLATE utf8_bin NULL DEFAULT NULL,
  `DOUBLE_` double NULL DEFAULT NULL,
  `LONG_` bigint(20) NULL DEFAULT NULL,
  `TEXT_` varchar(4000) CHARACTER SET utf8 COLLATE utf8_bin NULL DEFAULT NULL,
  `TEXT2_` varchar(4000) CHARACTER SET utf8 COLLATE utf8_bin NULL DEFAULT NULL,
  `CREATE_TIME_` datetime(3) NULL DEFAULT NULL,
  `LAST_UPDATED_TIME_` datetime(3) NULL DEFAULT NULL,
  PRIMARY KEY (`ID_`) USING BTREE,
  INDEX `ACT_IDX_HI_PROCVAR_PROC_INST`(`PROC_INST_ID_`) USING BTREE,
  INDEX `ACT_IDX_HI_PROCVAR_NAME_TYPE`(`NAME_`, `VAR_TYPE_`) USING BTREE,
  INDEX `ACT_IDX_HI_PROCVAR_TASK_ID`(`TASK_ID_`) USING BTREE
) ENGINE = InnoDB CHARACTER SET = utf8 COLLATE = utf8_bin ROW_FORMAT = Dynamic;

-- ----------------------------
-- Records of act_hi_varinst
-- ----------------------------
INSERT INTO `act_hi_varinst` VALUES ('17507', '17505', '17505', NULL, 'username', 'string', 1, NULL, NULL, NULL, '', NULL, '2020-04-04 17:21:40.799', '2020-04-05 17:09:17.838');
INSERT INTO `act_hi_varinst` VALUES ('20002', '17505', '17505', NULL, 'outcome', 'string', 2, NULL, NULL, NULL, '', NULL, '2020-04-05 17:08:19.117', '2020-04-05 17:09:17.837');
INSERT INTO `act_hi_varinst` VALUES ('25003', '25001', '25001', NULL, 'username', 'string', 1, NULL, NULL, NULL, '', NULL, '2020-04-07 15:31:37.476', '2020-04-07 15:32:28.975');
INSERT INTO `act_hi_varinst` VALUES ('25008', '25001', '25001', NULL, 'outcome', 'string', 2, NULL, NULL, NULL, '', NULL, '2020-04-07 15:31:46.400', '2020-04-07 15:32:28.975');
INSERT INTO `act_hi_varinst` VALUES ('27503', '27501', '27501', NULL, 'username', 'string', 0, NULL, NULL, NULL, '', NULL, '2020-04-09 20:36:09.278', '2020-04-09 20:36:09.278');
INSERT INTO `act_hi_varinst` VALUES ('27508', '27501', '27501', NULL, 'outcome', 'string', 2, NULL, NULL, NULL, '', NULL, '2020-04-09 20:36:58.608', '2020-04-09 20:39:02.705');

-- ----------------------------
-- Table structure for act_id_group
-- ----------------------------
DROP TABLE IF EXISTS `act_id_group`;
CREATE TABLE `act_id_group`  (
  `ID_` varchar(64) CHARACTER SET utf8 COLLATE utf8_bin NOT NULL,
  `REV_` int(11) NULL DEFAULT NULL,
  `NAME_` varchar(255) CHARACTER SET utf8 COLLATE utf8_bin NULL DEFAULT NULL,
  `TYPE_` varchar(255) CHARACTER SET utf8 COLLATE utf8_bin NULL DEFAULT NULL,
  PRIMARY KEY (`ID_`) USING BTREE
) ENGINE = InnoDB CHARACTER SET = utf8 COLLATE = utf8_bin ROW_FORMAT = Dynamic;

-- ----------------------------
-- Table structure for act_id_info
-- ----------------------------
DROP TABLE IF EXISTS `act_id_info`;
CREATE TABLE `act_id_info`  (
  `ID_` varchar(64) CHARACTER SET utf8 COLLATE utf8_bin NOT NULL,
  `REV_` int(11) NULL DEFAULT NULL,
  `USER_ID_` varchar(64) CHARACTER SET utf8 COLLATE utf8_bin NULL DEFAULT NULL,
  `TYPE_` varchar(64) CHARACTER SET utf8 COLLATE utf8_bin NULL DEFAULT NULL,
  `KEY_` varchar(255) CHARACTER SET utf8 COLLATE utf8_bin NULL DEFAULT NULL,
  `VALUE_` varchar(255) CHARACTER SET utf8 COLLATE utf8_bin NULL DEFAULT NULL,
  `PASSWORD_` longblob NULL,
  `PARENT_ID_` varchar(255) CHARACTER SET utf8 COLLATE utf8_bin NULL DEFAULT NULL,
  PRIMARY KEY (`ID_`) USING BTREE
) ENGINE = InnoDB CHARACTER SET = utf8 COLLATE = utf8_bin ROW_FORMAT = Dynamic;

-- ----------------------------
-- Table structure for act_id_membership
-- ----------------------------
DROP TABLE IF EXISTS `act_id_membership`;
CREATE TABLE `act_id_membership`  (
  `USER_ID_` varchar(64) CHARACTER SET utf8 COLLATE utf8_bin NOT NULL,
  `GROUP_ID_` varchar(64) CHARACTER SET utf8 COLLATE utf8_bin NOT NULL,
  PRIMARY KEY (`USER_ID_`, `GROUP_ID_`) USING BTREE,
  INDEX `ACT_FK_MEMB_GROUP`(`GROUP_ID_`) USING BTREE,
  CONSTRAINT `ACT_FK_MEMB_GROUP` FOREIGN KEY (`GROUP_ID_`) REFERENCES `act_id_group` (`ID_`) ON DELETE RESTRICT ON UPDATE RESTRICT,
  CONSTRAINT `ACT_FK_MEMB_USER` FOREIGN KEY (`USER_ID_`) REFERENCES `act_id_user` (`ID_`) ON DELETE RESTRICT ON UPDATE RESTRICT
) ENGINE = InnoDB CHARACTER SET = utf8 COLLATE = utf8_bin ROW_FORMAT = Dynamic;

-- ----------------------------
-- Table structure for act_id_user
-- ----------------------------
DROP TABLE IF EXISTS `act_id_user`;
CREATE TABLE `act_id_user`  (
  `ID_` varchar(64) CHARACTER SET utf8 COLLATE utf8_bin NOT NULL,
  `REV_` int(11) NULL DEFAULT NULL,
  `FIRST_` varchar(255) CHARACTER SET utf8 COLLATE utf8_bin NULL DEFAULT NULL,
  `LAST_` varchar(255) CHARACTER SET utf8 COLLATE utf8_bin NULL DEFAULT NULL,
  `EMAIL_` varchar(255) CHARACTER SET utf8 COLLATE utf8_bin NULL DEFAULT NULL,
  `PWD_` varchar(255) CHARACTER SET utf8 COLLATE utf8_bin NULL DEFAULT NULL,
  `PICTURE_ID_` varchar(64) CHARACTER SET utf8 COLLATE utf8_bin NULL DEFAULT NULL,
  PRIMARY KEY (`ID_`) USING BTREE
) ENGINE = InnoDB CHARACTER SET = utf8 COLLATE = utf8_bin ROW_FORMAT = Dynamic;

-- ----------------------------
-- Table structure for act_procdef_info
-- ----------------------------
DROP TABLE IF EXISTS `act_procdef_info`;
CREATE TABLE `act_procdef_info`  (
  `ID_` varchar(64) CHARACTER SET utf8 COLLATE utf8_bin NOT NULL,
  `PROC_DEF_ID_` varchar(64) CHARACTER SET utf8 COLLATE utf8_bin NOT NULL,
  `REV_` int(11) NULL DEFAULT NULL,
  `INFO_JSON_ID_` varchar(64) CHARACTER SET utf8 COLLATE utf8_bin NULL DEFAULT NULL,
  PRIMARY KEY (`ID_`) USING BTREE,
  UNIQUE INDEX `ACT_UNIQ_INFO_PROCDEF`(`PROC_DEF_ID_`) USING BTREE,
  INDEX `ACT_IDX_INFO_PROCDEF`(`PROC_DEF_ID_`) USING BTREE,
  INDEX `ACT_FK_INFO_JSON_BA`(`INFO_JSON_ID_`) USING BTREE,
  CONSTRAINT `ACT_FK_INFO_JSON_BA` FOREIGN KEY (`INFO_JSON_ID_`) REFERENCES `act_ge_bytearray` (`ID_`) ON DELETE RESTRICT ON UPDATE RESTRICT,
  CONSTRAINT `ACT_FK_INFO_PROCDEF` FOREIGN KEY (`PROC_DEF_ID_`) REFERENCES `act_re_procdef` (`ID_`) ON DELETE RESTRICT ON UPDATE RESTRICT
) ENGINE = InnoDB CHARACTER SET = utf8 COLLATE = utf8_bin ROW_FORMAT = Dynamic;

-- ----------------------------
-- Table structure for act_re_deployment
-- ----------------------------
DROP TABLE IF EXISTS `act_re_deployment`;
CREATE TABLE `act_re_deployment`  (
  `ID_` varchar(64) CHARACTER SET utf8 COLLATE utf8_bin NOT NULL,
  `NAME_` varchar(255) CHARACTER SET utf8 COLLATE utf8_bin NULL DEFAULT NULL,
  `CATEGORY_` varchar(255) CHARACTER SET utf8 COLLATE utf8_bin NULL DEFAULT NULL,
  `TENANT_ID_` varchar(255) CHARACTER SET utf8 COLLATE utf8_bin NULL DEFAULT '',
  `DEPLOY_TIME_` timestamp(3) NULL DEFAULT NULL,
  PRIMARY KEY (`ID_`) USING BTREE
) ENGINE = InnoDB CHARACTER SET = utf8 COLLATE = utf8_bin ROW_FORMAT = Dynamic;

-- ----------------------------
-- Records of act_re_deployment
-- ----------------------------
INSERT INTO `act_re_deployment` VALUES ('17501', 'LeaveBill', NULL, '', '2020-04-04 17:15:42.402');

-- ----------------------------
-- Table structure for act_re_model
-- ----------------------------
DROP TABLE IF EXISTS `act_re_model`;
CREATE TABLE `act_re_model`  (
  `ID_` varchar(64) CHARACTER SET utf8 COLLATE utf8_bin NOT NULL,
  `REV_` int(11) NULL DEFAULT NULL,
  `NAME_` varchar(255) CHARACTER SET utf8 COLLATE utf8_bin NULL DEFAULT NULL,
  `KEY_` varchar(255) CHARACTER SET utf8 COLLATE utf8_bin NULL DEFAULT NULL,
  `CATEGORY_` varchar(255) CHARACTER SET utf8 COLLATE utf8_bin NULL DEFAULT NULL,
  `CREATE_TIME_` timestamp(3) NULL DEFAULT NULL,
  `LAST_UPDATE_TIME_` timestamp(3) NULL DEFAULT NULL,
  `VERSION_` int(11) NULL DEFAULT NULL,
  `META_INFO_` varchar(4000) CHARACTER SET utf8 COLLATE utf8_bin NULL DEFAULT NULL,
  `DEPLOYMENT_ID_` varchar(64) CHARACTER SET utf8 COLLATE utf8_bin NULL DEFAULT NULL,
  `EDITOR_SOURCE_VALUE_ID_` varchar(64) CHARACTER SET utf8 COLLATE utf8_bin NULL DEFAULT NULL,
  `EDITOR_SOURCE_EXTRA_VALUE_ID_` varchar(64) CHARACTER SET utf8 COLLATE utf8_bin NULL DEFAULT NULL,
  `TENANT_ID_` varchar(255) CHARACTER SET utf8 COLLATE utf8_bin NULL DEFAULT '',
  PRIMARY KEY (`ID_`) USING BTREE,
  INDEX `ACT_FK_MODEL_SOURCE`(`EDITOR_SOURCE_VALUE_ID_`) USING BTREE,
  INDEX `ACT_FK_MODEL_SOURCE_EXTRA`(`EDITOR_SOURCE_EXTRA_VALUE_ID_`) USING BTREE,
  INDEX `ACT_FK_MODEL_DEPLOYMENT`(`DEPLOYMENT_ID_`) USING BTREE,
  CONSTRAINT `ACT_FK_MODEL_DEPLOYMENT` FOREIGN KEY (`DEPLOYMENT_ID_`) REFERENCES `act_re_deployment` (`ID_`) ON DELETE RESTRICT ON UPDATE RESTRICT,
  CONSTRAINT `ACT_FK_MODEL_SOURCE` FOREIGN KEY (`EDITOR_SOURCE_VALUE_ID_`) REFERENCES `act_ge_bytearray` (`ID_`) ON DELETE RESTRICT ON UPDATE RESTRICT,
  CONSTRAINT `ACT_FK_MODEL_SOURCE_EXTRA` FOREIGN KEY (`EDITOR_SOURCE_EXTRA_VALUE_ID_`) REFERENCES `act_ge_bytearray` (`ID_`) ON DELETE RESTRICT ON UPDATE RESTRICT
) ENGINE = InnoDB CHARACTER SET = utf8 COLLATE = utf8_bin ROW_FORMAT = Dynamic;

-- ----------------------------
-- Records of act_re_model
-- ----------------------------
INSERT INTO `act_re_model` VALUES ('15001', 8, 'LeaveBill', 'process', NULL, '2020-04-03 18:23:42.982', '2020-04-07 14:59:39.308', 1, '{\"name\":\"LeaveBill\",\"description\":\"\",\"revision\":1}', NULL, '15002', '15003', '');

-- ----------------------------
-- Table structure for act_re_procdef
-- ----------------------------
DROP TABLE IF EXISTS `act_re_procdef`;
CREATE TABLE `act_re_procdef`  (
  `ID_` varchar(64) CHARACTER SET utf8 COLLATE utf8_bin NOT NULL,
  `REV_` int(11) NULL DEFAULT NULL,
  `CATEGORY_` varchar(255) CHARACTER SET utf8 COLLATE utf8_bin NULL DEFAULT NULL,
  `NAME_` varchar(255) CHARACTER SET utf8 COLLATE utf8_bin NULL DEFAULT NULL,
  `KEY_` varchar(255) CHARACTER SET utf8 COLLATE utf8_bin NOT NULL,
  `VERSION_` int(11) NOT NULL,
  `DEPLOYMENT_ID_` varchar(64) CHARACTER SET utf8 COLLATE utf8_bin NULL DEFAULT NULL,
  `RESOURCE_NAME_` varchar(4000) CHARACTER SET utf8 COLLATE utf8_bin NULL DEFAULT NULL,
  `DGRM_RESOURCE_NAME_` varchar(4000) CHARACTER SET utf8 COLLATE utf8_bin NULL DEFAULT NULL,
  `DESCRIPTION_` varchar(4000) CHARACTER SET utf8 COLLATE utf8_bin NULL DEFAULT NULL,
  `HAS_START_FORM_KEY_` tinyint(4) NULL DEFAULT NULL,
  `HAS_GRAPHICAL_NOTATION_` tinyint(4) NULL DEFAULT NULL,
  `SUSPENSION_STATE_` int(11) NULL DEFAULT NULL,
  `TENANT_ID_` varchar(255) CHARACTER SET utf8 COLLATE utf8_bin NULL DEFAULT '',
  PRIMARY KEY (`ID_`) USING BTREE,
  UNIQUE INDEX `ACT_UNIQ_PROCDEF`(`KEY_`, `VERSION_`, `TENANT_ID_`) USING BTREE
) ENGINE = InnoDB CHARACTER SET = utf8 COLLATE = utf8_bin ROW_FORMAT = Dynamic;

-- ----------------------------
-- Records of act_re_procdef
-- ----------------------------
INSERT INTO `act_re_procdef` VALUES ('LeaveBill:2:17504', 1, 'http://www.activiti.org/processdef', '', 'LeaveBill', 2, '17501', 'LeaveBill.bpmn20.xml', 'LeaveBill.LeaveBill.png', NULL, 0, 1, 1, '');

-- ----------------------------
-- Table structure for act_ru_event_subscr
-- ----------------------------
DROP TABLE IF EXISTS `act_ru_event_subscr`;
CREATE TABLE `act_ru_event_subscr`  (
  `ID_` varchar(64) CHARACTER SET utf8 COLLATE utf8_bin NOT NULL,
  `REV_` int(11) NULL DEFAULT NULL,
  `EVENT_TYPE_` varchar(255) CHARACTER SET utf8 COLLATE utf8_bin NOT NULL,
  `EVENT_NAME_` varchar(255) CHARACTER SET utf8 COLLATE utf8_bin NULL DEFAULT NULL,
  `EXECUTION_ID_` varchar(64) CHARACTER SET utf8 COLLATE utf8_bin NULL DEFAULT NULL,
  `PROC_INST_ID_` varchar(64) CHARACTER SET utf8 COLLATE utf8_bin NULL DEFAULT NULL,
  `ACTIVITY_ID_` varchar(64) CHARACTER SET utf8 COLLATE utf8_bin NULL DEFAULT NULL,
  `CONFIGURATION_` varchar(255) CHARACTER SET utf8 COLLATE utf8_bin NULL DEFAULT NULL,
  `CREATED_` timestamp(3) NOT NULL DEFAULT CURRENT_TIMESTAMP(3),
  `PROC_DEF_ID_` varchar(64) CHARACTER SET utf8 COLLATE utf8_bin NULL DEFAULT NULL,
  `TENANT_ID_` varchar(255) CHARACTER SET utf8 COLLATE utf8_bin NULL DEFAULT '',
  PRIMARY KEY (`ID_`) USING BTREE,
  INDEX `ACT_IDX_EVENT_SUBSCR_CONFIG_`(`CONFIGURATION_`) USING BTREE,
  INDEX `ACT_FK_EVENT_EXEC`(`EXECUTION_ID_`) USING BTREE,
  CONSTRAINT `ACT_FK_EVENT_EXEC` FOREIGN KEY (`EXECUTION_ID_`) REFERENCES `act_ru_execution` (`ID_`) ON DELETE RESTRICT ON UPDATE RESTRICT
) ENGINE = InnoDB CHARACTER SET = utf8 COLLATE = utf8_bin ROW_FORMAT = Dynamic;

-- ----------------------------
-- Table structure for act_ru_execution
-- ----------------------------
DROP TABLE IF EXISTS `act_ru_execution`;
CREATE TABLE `act_ru_execution`  (
  `ID_` varchar(64) CHARACTER SET utf8 COLLATE utf8_bin NOT NULL,
  `REV_` int(11) NULL DEFAULT NULL,
  `PROC_INST_ID_` varchar(64) CHARACTER SET utf8 COLLATE utf8_bin NULL DEFAULT NULL,
  `BUSINESS_KEY_` varchar(255) CHARACTER SET utf8 COLLATE utf8_bin NULL DEFAULT NULL,
  `PARENT_ID_` varchar(64) CHARACTER SET utf8 COLLATE utf8_bin NULL DEFAULT NULL,
  `PROC_DEF_ID_` varchar(64) CHARACTER SET utf8 COLLATE utf8_bin NULL DEFAULT NULL,
  `SUPER_EXEC_` varchar(64) CHARACTER SET utf8 COLLATE utf8_bin NULL DEFAULT NULL,
  `ACT_ID_` varchar(255) CHARACTER SET utf8 COLLATE utf8_bin NULL DEFAULT NULL,
  `IS_ACTIVE_` tinyint(4) NULL DEFAULT NULL,
  `IS_CONCURRENT_` tinyint(4) NULL DEFAULT NULL,
  `IS_SCOPE_` tinyint(4) NULL DEFAULT NULL,
  `IS_EVENT_SCOPE_` tinyint(4) NULL DEFAULT NULL,
  `SUSPENSION_STATE_` int(11) NULL DEFAULT NULL,
  `CACHED_ENT_STATE_` int(11) NULL DEFAULT NULL,
  `TENANT_ID_` varchar(255) CHARACTER SET utf8 COLLATE utf8_bin NULL DEFAULT '',
  `NAME_` varchar(255) CHARACTER SET utf8 COLLATE utf8_bin NULL DEFAULT NULL,
  `LOCK_TIME_` timestamp(3) NULL DEFAULT NULL,
  PRIMARY KEY (`ID_`) USING BTREE,
  INDEX `ACT_IDX_EXEC_BUSKEY`(`BUSINESS_KEY_`) USING BTREE,
  INDEX `ACT_FK_EXE_PROCINST`(`PROC_INST_ID_`) USING BTREE,
  INDEX `ACT_FK_EXE_PARENT`(`PARENT_ID_`) USING BTREE,
  INDEX `ACT_FK_EXE_SUPER`(`SUPER_EXEC_`) USING BTREE,
  INDEX `ACT_FK_EXE_PROCDEF`(`PROC_DEF_ID_`) USING BTREE,
  CONSTRAINT `ACT_FK_EXE_PARENT` FOREIGN KEY (`PARENT_ID_`) REFERENCES `act_ru_execution` (`ID_`) ON DELETE RESTRICT ON UPDATE RESTRICT,
  CONSTRAINT `ACT_FK_EXE_PROCDEF` FOREIGN KEY (`PROC_DEF_ID_`) REFERENCES `act_re_procdef` (`ID_`) ON DELETE RESTRICT ON UPDATE RESTRICT,
  CONSTRAINT `ACT_FK_EXE_PROCINST` FOREIGN KEY (`PROC_INST_ID_`) REFERENCES `act_ru_execution` (`ID_`) ON DELETE CASCADE ON UPDATE CASCADE,
  CONSTRAINT `ACT_FK_EXE_SUPER` FOREIGN KEY (`SUPER_EXEC_`) REFERENCES `act_ru_execution` (`ID_`) ON DELETE RESTRICT ON UPDATE RESTRICT
) ENGINE = InnoDB CHARACTER SET = utf8 COLLATE = utf8_bin ROW_FORMAT = Dynamic;

-- ----------------------------
-- Records of act_ru_execution
-- ----------------------------
INSERT INTO `act_ru_execution` VALUES ('27501', 4, '27501', 'LeaveBill:18', NULL, 'LeaveBill:2:17504', NULL, 'userTask1', 1, 0, 1, 0, 1, 2, '', NULL, NULL);

-- ----------------------------
-- Table structure for act_ru_identitylink
-- ----------------------------
DROP TABLE IF EXISTS `act_ru_identitylink`;
CREATE TABLE `act_ru_identitylink`  (
  `ID_` varchar(64) CHARACTER SET utf8 COLLATE utf8_bin NOT NULL,
  `REV_` int(11) NULL DEFAULT NULL,
  `GROUP_ID_` varchar(255) CHARACTER SET utf8 COLLATE utf8_bin NULL DEFAULT NULL,
  `TYPE_` varchar(255) CHARACTER SET utf8 COLLATE utf8_bin NULL DEFAULT NULL,
  `USER_ID_` varchar(255) CHARACTER SET utf8 COLLATE utf8_bin NULL DEFAULT NULL,
  `TASK_ID_` varchar(64) CHARACTER SET utf8 COLLATE utf8_bin NULL DEFAULT NULL,
  `PROC_INST_ID_` varchar(64) CHARACTER SET utf8 COLLATE utf8_bin NULL DEFAULT NULL,
  `PROC_DEF_ID_` varchar(64) CHARACTER SET utf8 COLLATE utf8_bin NULL DEFAULT NULL,
  PRIMARY KEY (`ID_`) USING BTREE,
  INDEX `ACT_IDX_IDENT_LNK_USER`(`USER_ID_`) USING BTREE,
  INDEX `ACT_IDX_IDENT_LNK_GROUP`(`GROUP_ID_`) USING BTREE,
  INDEX `ACT_IDX_ATHRZ_PROCEDEF`(`PROC_DEF_ID_`) USING BTREE,
  INDEX `ACT_FK_TSKASS_TASK`(`TASK_ID_`) USING BTREE,
  INDEX `ACT_FK_IDL_PROCINST`(`PROC_INST_ID_`) USING BTREE,
  CONSTRAINT `ACT_FK_ATHRZ_PROCEDEF` FOREIGN KEY (`PROC_DEF_ID_`) REFERENCES `act_re_procdef` (`ID_`) ON DELETE RESTRICT ON UPDATE RESTRICT,
  CONSTRAINT `ACT_FK_IDL_PROCINST` FOREIGN KEY (`PROC_INST_ID_`) REFERENCES `act_ru_execution` (`ID_`) ON DELETE RESTRICT ON UPDATE RESTRICT,
  CONSTRAINT `ACT_FK_TSKASS_TASK` FOREIGN KEY (`TASK_ID_`) REFERENCES `act_ru_task` (`ID_`) ON DELETE RESTRICT ON UPDATE RESTRICT
) ENGINE = InnoDB CHARACTER SET = utf8 COLLATE = utf8_bin ROW_FORMAT = Dynamic;

-- ----------------------------
-- Records of act_ru_identitylink
-- ----------------------------
INSERT INTO `act_ru_identitylink` VALUES ('27506', 1, NULL, 'participant', '', NULL, '27501', NULL);
INSERT INTO `act_ru_identitylink` VALUES ('27512', 1, NULL, 'participant', '', NULL, '27501', NULL);
INSERT INTO `act_ru_identitylink` VALUES ('27517', 1, NULL, 'participant', '', NULL, '27501', NULL);

-- ----------------------------
-- Table structure for act_ru_job
-- ----------------------------
DROP TABLE IF EXISTS `act_ru_job`;
CREATE TABLE `act_ru_job`  (
  `ID_` varchar(64) CHARACTER SET utf8 COLLATE utf8_bin NOT NULL,
  `REV_` int(11) NULL DEFAULT NULL,
  `TYPE_` varchar(255) CHARACTER SET utf8 COLLATE utf8_bin NOT NULL,
  `LOCK_EXP_TIME_` timestamp(3) NULL DEFAULT NULL,
  `LOCK_OWNER_` varchar(255) CHARACTER SET utf8 COLLATE utf8_bin NULL DEFAULT NULL,
  `EXCLUSIVE_` tinyint(1) NULL DEFAULT NULL,
  `EXECUTION_ID_` varchar(64) CHARACTER SET utf8 COLLATE utf8_bin NULL DEFAULT NULL,
  `PROCESS_INSTANCE_ID_` varchar(64) CHARACTER SET utf8 COLLATE utf8_bin NULL DEFAULT NULL,
  `PROC_DEF_ID_` varchar(64) CHARACTER SET utf8 COLLATE utf8_bin NULL DEFAULT NULL,
  `RETRIES_` int(11) NULL DEFAULT NULL,
  `EXCEPTION_STACK_ID_` varchar(64) CHARACTER SET utf8 COLLATE utf8_bin NULL DEFAULT NULL,
  `EXCEPTION_MSG_` varchar(4000) CHARACTER SET utf8 COLLATE utf8_bin NULL DEFAULT NULL,
  `DUEDATE_` timestamp(3) NULL DEFAULT NULL,
  `REPEAT_` varchar(255) CHARACTER SET utf8 COLLATE utf8_bin NULL DEFAULT NULL,
  `HANDLER_TYPE_` varchar(255) CHARACTER SET utf8 COLLATE utf8_bin NULL DEFAULT NULL,
  `HANDLER_CFG_` varchar(4000) CHARACTER SET utf8 COLLATE utf8_bin NULL DEFAULT NULL,
  `TENANT_ID_` varchar(255) CHARACTER SET utf8 COLLATE utf8_bin NULL DEFAULT '',
  PRIMARY KEY (`ID_`) USING BTREE,
  INDEX `ACT_FK_JOB_EXCEPTION`(`EXCEPTION_STACK_ID_`) USING BTREE,
  CONSTRAINT `ACT_FK_JOB_EXCEPTION` FOREIGN KEY (`EXCEPTION_STACK_ID_`) REFERENCES `act_ge_bytearray` (`ID_`) ON DELETE RESTRICT ON UPDATE RESTRICT
) ENGINE = InnoDB CHARACTER SET = utf8 COLLATE = utf8_bin ROW_FORMAT = Dynamic;

-- ----------------------------
-- Table structure for act_ru_task
-- ----------------------------
DROP TABLE IF EXISTS `act_ru_task`;
CREATE TABLE `act_ru_task`  (
  `ID_` varchar(64) CHARACTER SET utf8 COLLATE utf8_bin NOT NULL,
  `REV_` int(11) NULL DEFAULT NULL,
  `EXECUTION_ID_` varchar(64) CHARACTER SET utf8 COLLATE utf8_bin NULL DEFAULT NULL,
  `PROC_INST_ID_` varchar(64) CHARACTER SET utf8 COLLATE utf8_bin NULL DEFAULT NULL,
  `PROC_DEF_ID_` varchar(64) CHARACTER SET utf8 COLLATE utf8_bin NULL DEFAULT NULL,
  `NAME_` varchar(255) CHARACTER SET utf8 COLLATE utf8_bin NULL DEFAULT NULL,
  `PARENT_TASK_ID_` varchar(64) CHARACTER SET utf8 COLLATE utf8_bin NULL DEFAULT NULL,
  `DESCRIPTION_` varchar(4000) CHARACTER SET utf8 COLLATE utf8_bin NULL DEFAULT NULL,
  `TASK_DEF_KEY_` varchar(255) CHARACTER SET utf8 COLLATE utf8_bin NULL DEFAULT NULL,
  `OWNER_` varchar(255) CHARACTER SET utf8 COLLATE utf8_bin NULL DEFAULT NULL,
  `ASSIGNEE_` varchar(255) CHARACTER SET utf8 COLLATE utf8_bin NULL DEFAULT NULL,
  `DELEGATION_` varchar(64) CHARACTER SET utf8 COLLATE utf8_bin NULL DEFAULT NULL,
  `PRIORITY_` int(11) NULL DEFAULT NULL,
  `CREATE_TIME_` timestamp(3) NULL DEFAULT NULL,
  `DUE_DATE_` datetime(3) NULL DEFAULT NULL,
  `CATEGORY_` varchar(255) CHARACTER SET utf8 COLLATE utf8_bin NULL DEFAULT NULL,
  `SUSPENSION_STATE_` int(11) NULL DEFAULT NULL,
  `TENANT_ID_` varchar(255) CHARACTER SET utf8 COLLATE utf8_bin NULL DEFAULT '',
  `FORM_KEY_` varchar(255) CHARACTER SET utf8 COLLATE utf8_bin NULL DEFAULT NULL,
  PRIMARY KEY (`ID_`) USING BTREE,
  INDEX `ACT_IDX_TASK_CREATE`(`CREATE_TIME_`) USING BTREE,
  INDEX `ACT_FK_TASK_EXE`(`EXECUTION_ID_`) USING BTREE,
  INDEX `ACT_FK_TASK_PROCINST`(`PROC_INST_ID_`) USING BTREE,
  INDEX `ACT_FK_TASK_PROCDEF`(`PROC_DEF_ID_`) USING BTREE,
  CONSTRAINT `ACT_FK_TASK_EXE` FOREIGN KEY (`EXECUTION_ID_`) REFERENCES `act_ru_execution` (`ID_`) ON DELETE RESTRICT ON UPDATE RESTRICT,
  CONSTRAINT `ACT_FK_TASK_PROCDEF` FOREIGN KEY (`PROC_DEF_ID_`) REFERENCES `act_re_procdef` (`ID_`) ON DELETE RESTRICT ON UPDATE RESTRICT,
  CONSTRAINT `ACT_FK_TASK_PROCINST` FOREIGN KEY (`PROC_INST_ID_`) REFERENCES `act_ru_execution` (`ID_`) ON DELETE RESTRICT ON UPDATE RESTRICT
) ENGINE = InnoDB CHARACTER SET = utf8 COLLATE = utf8_bin ROW_FORMAT = Dynamic;

-- ----------------------------
-- Records of act_ru_task
-- ----------------------------
INSERT INTO `act_ru_task` VALUES ('27521', 1, '27501', '27501', 'LeaveBill:2:17504', '', NULL, NULL, 'userTask1', NULL, '', NULL, 50, '2020-04-09 20:39:02.716', NULL, NULL, 1, '', NULL);

-- ----------------------------
-- Table structure for act_ru_variable
-- ----------------------------
DROP TABLE IF EXISTS `act_ru_variable`;
CREATE TABLE `act_ru_variable`  (
  `ID_` varchar(64) CHARACTER SET utf8 COLLATE utf8_bin NOT NULL,
  `REV_` int(11) NULL DEFAULT NULL,
  `TYPE_` varchar(255) CHARACTER SET utf8 COLLATE utf8_bin NOT NULL,
  `NAME_` varchar(255) CHARACTER SET utf8 COLLATE utf8_bin NOT NULL,
  `EXECUTION_ID_` varchar(64) CHARACTER SET utf8 COLLATE utf8_bin NULL DEFAULT NULL,
  `PROC_INST_ID_` varchar(64) CHARACTER SET utf8 COLLATE utf8_bin NULL DEFAULT NULL,
  `TASK_ID_` varchar(64) CHARACTER SET utf8 COLLATE utf8_bin NULL DEFAULT NULL,
  `BYTEARRAY_ID_` varchar(64) CHARACTER SET utf8 COLLATE utf8_bin NULL DEFAULT NULL,
  `DOUBLE_` double NULL DEFAULT NULL,
  `LONG_` bigint(20) NULL DEFAULT NULL,
  `TEXT_` varchar(4000) CHARACTER SET utf8 COLLATE utf8_bin NULL DEFAULT NULL,
  `TEXT2_` varchar(4000) CHARACTER SET utf8 COLLATE utf8_bin NULL DEFAULT NULL,
  PRIMARY KEY (`ID_`) USING BTREE,
  INDEX `ACT_IDX_VARIABLE_TASK_ID`(`TASK_ID_`) USING BTREE,
  INDEX `ACT_FK_VAR_EXE`(`EXECUTION_ID_`) USING BTREE,
  INDEX `ACT_FK_VAR_PROCINST`(`PROC_INST_ID_`) USING BTREE,
  INDEX `ACT_FK_VAR_BYTEARRAY`(`BYTEARRAY_ID_`) USING BTREE,
  CONSTRAINT `ACT_FK_VAR_BYTEARRAY` FOREIGN KEY (`BYTEARRAY_ID_`) REFERENCES `act_ge_bytearray` (`ID_`) ON DELETE RESTRICT ON UPDATE RESTRICT,
  CONSTRAINT `ACT_FK_VAR_EXE` FOREIGN KEY (`EXECUTION_ID_`) REFERENCES `act_ru_execution` (`ID_`) ON DELETE RESTRICT ON UPDATE RESTRICT,
  CONSTRAINT `ACT_FK_VAR_PROCINST` FOREIGN KEY (`PROC_INST_ID_`) REFERENCES `act_ru_execution` (`ID_`) ON DELETE RESTRICT ON UPDATE RESTRICT
) ENGINE = InnoDB CHARACTER SET = utf8 COLLATE = utf8_bin ROW_FORMAT = Dynamic;

-- ----------------------------
-- Records of act_ru_variable
-- ----------------------------
INSERT INTO `act_ru_variable` VALUES ('27503', 1, 'string', 'username', '27501', '27501', NULL, NULL, NULL, NULL, '', NULL);
INSERT INTO `act_ru_variable` VALUES ('27508', 3, 'string', 'outcome', '27501', '27501', NULL, NULL, NULL, NULL, '', NULL);

-- ----------------------------
-- Table structure for bus_customer
-- ----------------------------
DROP TABLE IF EXISTS `bus_customer`;
CREATE TABLE `bus_customer`  (
  `id` int(11) NOT NULL AUTO_INCREMENT,
  `customername` varchar(255) CHARACTER SET utf8 COLLATE utf8_general_ci NULL DEFAULT NULL,
  `zip` varchar(255) CHARACTER SET utf8 COLLATE utf8_general_ci NULL DEFAULT NULL,
  `address` varchar(255) CHARACTER SET utf8 COLLATE utf8_general_ci NULL DEFAULT NULL,
  `telephone` varchar(255) CHARACTER SET utf8 COLLATE utf8_general_ci NULL DEFAULT NULL,
  `connectionperson` varchar(255) CHARACTER SET utf8 COLLATE utf8_general_ci NULL DEFAULT NULL,
  `phone` varchar(255) CHARACTER SET utf8 COLLATE utf8_general_ci NULL DEFAULT NULL,
  `bank` varchar(255) CHARACTER SET utf8 COLLATE utf8_general_ci NULL DEFAULT NULL,
  `account` varchar(255) CHARACTER SET utf8 COLLATE utf8_general_ci NULL DEFAULT NULL,
  `email` varchar(255) CHARACTER SET utf8 COLLATE utf8_general_ci NULL DEFAULT NULL,
  `fax` varchar(255) CHARACTER SET utf8 COLLATE utf8_general_ci NULL DEFAULT NULL,
  `available` int(11) NULL DEFAULT NULL,
  PRIMARY KEY (`id`) USING BTREE
) ENGINE = InnoDB AUTO_INCREMENT = 8 CHARACTER SET = utf8 COLLATE = utf8_general_ci ROW_FORMAT = Dynamic;

-- ----------------------------
-- Records of bus_customer
-- ----------------------------
INSERT INTO `bus_customer` VALUES (1, '', '111', '', '027-9123131', '', '138123123123', '', '654431331343413', '213123@sina.com', '430000', 1);
INSERT INTO `bus_customer` VALUES (2, '', '222', '', '0755-9123131', '', '138123123123', '', '654431331343413', '213123@sina.com', '430000', 1);
INSERT INTO `bus_customer` VALUES (3, '', '430000', '', '027-11011011', '', '13434134131', '', '6543123341334133', '6666@66.com', '545341', 1);

-- ----------------------------
-- Table structure for bus_goods
-- ----------------------------
DROP TABLE IF EXISTS `bus_goods`;
CREATE TABLE `bus_goods`  (
  `id` int(11) NOT NULL AUTO_INCREMENT,
  `goodsname` varchar(255) CHARACTER SET utf8 COLLATE utf8_general_ci NULL DEFAULT NULL,
  `produceplace` varchar(255) CHARACTER SET utf8 COLLATE utf8_general_ci NULL DEFAULT NULL,
  `size` varchar(255) CHARACTER SET utf8 COLLATE utf8_general_ci NULL DEFAULT NULL,
  `goodspackage` varchar(255) CHARACTER SET utf8 COLLATE utf8_general_ci NULL DEFAULT NULL,
  `productcode` varchar(255) CHARACTER SET utf8 COLLATE utf8_general_ci NULL DEFAULT NULL,
  `promitcode` varchar(255) CHARACTER SET utf8 COLLATE utf8_general_ci NULL DEFAULT NULL,
  `description` varchar(255) CHARACTER SET utf8 COLLATE utf8_general_ci NULL DEFAULT NULL,
  `price` double NULL DEFAULT NULL,
  `number` int(11) NULL DEFAULT NULL,
  `dangernum` int(11) NULL DEFAULT NULL,
  `goodsimg` varchar(255) CHARACTER SET utf8 COLLATE utf8_general_ci NULL DEFAULT NULL,
  `available` int(11) NULL DEFAULT NULL,
  `providerid` int(11) NULL DEFAULT NULL,
  PRIMARY KEY (`id`) USING BTREE,
  INDEX `FK_sq0btr2v2lq8gt8b4gb8tlk0i`(`providerid`) USING BTREE,
  CONSTRAINT `bus_goods_ibfk_1` FOREIGN KEY (`providerid`) REFERENCES `bus_provider` (`id`) ON DELETE RESTRICT ON UPDATE RESTRICT
) ENGINE = InnoDB AUTO_INCREMENT = 8 CHARACTER SET = utf8 COLLATE = utf8_general_ci ROW_FORMAT = Dynamic;

-- ----------------------------
-- Records of bus_goods
-- ----------------------------
INSERT INTO `bus_goods` VALUES (1, '', '', '120ML', '', 'PH12345', 'PZ1234', '', 2, 1002, 10, '2018-12-25/userface1.jpg', 1, 3);
INSERT INTO `bus_goods` VALUES (2, '[]', '', '', '', 'PH12312312', 'PZ12312', '', 4, 1000, 10, '2018-12-25/userface2.jpg', 1, 1);
INSERT INTO `bus_goods` VALUES (3, '', '', '', '', '11', '11', '111', 28, 1009, 100, '2018-12-25/userface3.jpg', 1, 1);
INSERT INTO `bus_goods` VALUES (4, '', '', '200ML', '', '11', '111', '12321', 3, 1000, 10, '2018-12-25/userface4.jpg', 1, 3);
INSERT INTO `bus_goods` VALUES (5, '', '', '300ML', '', '1234', '12321', '22221111', 3, 1000, 100, '2018-12-25/userface5.jpg', 1, 3);
INSERT INTO `bus_goods` VALUES (7, '1231231', '12312', '1123', '312321', '12312', '2132', '2131', 1231, 1000, 31231, '2020-03-24/fc5545bf8ff64828bb174c08df419d4e.jpg', 1, 2);

-- ----------------------------
-- Table structure for bus_inport
-- ----------------------------
DROP TABLE IF EXISTS `bus_inport`;
CREATE TABLE `bus_inport`  (
  `id` int(11) NOT NULL AUTO_INCREMENT,
  `paytype` varchar(255) CHARACTER SET utf8 COLLATE utf8_general_ci NULL DEFAULT NULL,
  `inporttime` datetime(0) NULL DEFAULT NULL,
  `operateperson` varchar(255) CHARACTER SET utf8 COLLATE utf8_general_ci NULL DEFAULT NULL,
  `number` int(11) NULL DEFAULT NULL,
  `remark` varchar(255) CHARACTER SET utf8 COLLATE utf8_general_ci NULL DEFAULT NULL,
  `inportprice` double NULL DEFAULT NULL,
  `providerid` int(11) NULL DEFAULT NULL,
  `goodsid` int(11) NULL DEFAULT NULL,
  PRIMARY KEY (`id`) USING BTREE,
  INDEX `FK_1o4bujsyd2kl4iqw48fie224v`(`providerid`) USING BTREE,
  INDEX `FK_ho29poeu4o2dxu4rg1ammeaql`(`goodsid`) USING BTREE,
  CONSTRAINT `bus_inport_ibfk_1` FOREIGN KEY (`providerid`) REFERENCES `bus_provider` (`id`) ON DELETE RESTRICT ON UPDATE RESTRICT,
  CONSTRAINT `bus_inport_ibfk_2` FOREIGN KEY (`goodsid`) REFERENCES `bus_goods` (`id`) ON DELETE RESTRICT ON UPDATE RESTRICT
) ENGINE = InnoDB AUTO_INCREMENT = 14 CHARACTER SET = utf8 COLLATE = utf8_general_ci ROW_FORMAT = Dynamic;

-- ----------------------------
-- Records of bus_inport
-- ----------------------------
INSERT INTO `bus_inport` VALUES (1, '', '2018-05-07 00:00:00', '', 100, '', 3.5, 1, 1);
INSERT INTO `bus_inport` VALUES (2, '', '2018-05-07 00:00:00', '', 1000, '', 2.5, 3, 3);
INSERT INTO `bus_inport` VALUES (3, '', '2018-05-07 00:00:00', '', 100, '1231', 111, 3, 3);
INSERT INTO `bus_inport` VALUES (4, '', '2018-05-07 00:00:00', '', 1000, '', 2, 3, 1);
INSERT INTO `bus_inport` VALUES (5, '', '2018-05-07 00:00:00', '', 100, '', 1, 3, 1);
INSERT INTO `bus_inport` VALUES (6, '', '2018-05-07 00:00:00', '', 100, '1231', 2.5, 1, 2);
INSERT INTO `bus_inport` VALUES (8, '', '2018-05-07 00:00:00', '', 100, '', 1, 3, 1);
INSERT INTO `bus_inport` VALUES (10, '', '2018-08-07 17:17:57', '', 100, 'sadfasfdsa', 1.5, 3, 1);
INSERT INTO `bus_inport` VALUES (11, '', '2018-09-17 16:12:25', '', 21, '21', 21, 1, 3);
INSERT INTO `bus_inport` VALUES (12, '', '2018-12-25 16:48:24', '', 100, '123213213', 12321321, 3, 1);
INSERT INTO `bus_inport` VALUES (14, '', '2019-09-28 03:47:16', '', 100, '1111', 4.5, 1, 3);

-- ----------------------------
-- Table structure for bus_outport
-- ----------------------------
DROP TABLE IF EXISTS `bus_outport`;
CREATE TABLE `bus_outport`  (
  `id` int(11) NOT NULL AUTO_INCREMENT,
  `providerid` int(11) NULL DEFAULT NULL,
  `paytype` varchar(255) CHARACTER SET utf8 COLLATE utf8_general_ci NULL DEFAULT NULL,
  `outputtime` datetime(0) NULL DEFAULT NULL,
  `operateperson` varchar(255) CHARACTER SET utf8 COLLATE utf8_general_ci NULL DEFAULT NULL,
  `outportprice` double(10, 2) NULL DEFAULT NULL,
  `number` int(11) NULL DEFAULT NULL,
  `remark` varchar(255) CHARACTER SET utf8 COLLATE utf8_general_ci NULL DEFAULT NULL,
  `goodsid` int(11) NULL DEFAULT NULL,
  PRIMARY KEY (`id`) USING BTREE
) ENGINE = InnoDB AUTO_INCREMENT = 7 CHARACTER SET = utf8 COLLATE = utf8_general_ci ROW_FORMAT = Dynamic;

-- ----------------------------
-- Records of bus_outport
-- ----------------------------
INSERT INTO `bus_outport` VALUES (1, 3, '', '2019-08-16 08:19:50', '', 12321321.00, 1, '', 1);
INSERT INTO `bus_outport` VALUES (2, 3, '', '2019-08-16 08:26:54', '', 12321321.00, 11, '11', 1);
INSERT INTO `bus_outport` VALUES (7, 1, '', '2019-09-28 06:56:13', '', 4.50, 1, '111', 3);

-- ----------------------------
-- Table structure for bus_provider
-- ----------------------------
DROP TABLE IF EXISTS `bus_provider`;
CREATE TABLE `bus_provider`  (
  `id` int(11) NOT NULL AUTO_INCREMENT,
  `providername` varchar(255) CHARACTER SET utf8 COLLATE utf8_general_ci NULL DEFAULT NULL,
  `zip` varchar(255) CHARACTER SET utf8 COLLATE utf8_general_ci NULL DEFAULT NULL,
  `address` varchar(255) CHARACTER SET utf8 COLLATE utf8_general_ci NULL DEFAULT NULL,
  `telephone` varchar(255) CHARACTER SET utf8 COLLATE utf8_general_ci NULL DEFAULT NULL,
  `connectionperson` varchar(255) CHARACTER SET utf8 COLLATE utf8_general_ci NULL DEFAULT NULL,
  `phone` varchar(255) CHARACTER SET utf8 COLLATE utf8_general_ci NULL DEFAULT NULL,
  `bank` varchar(255) CHARACTER SET utf8 COLLATE utf8_general_ci NULL DEFAULT NULL,
  `account` varchar(255) CHARACTER SET utf8 COLLATE utf8_general_ci NULL DEFAULT NULL,
  `email` varchar(255) CHARACTER SET utf8 COLLATE utf8_general_ci NULL DEFAULT NULL,
  `fax` varchar(255) CHARACTER SET utf8 COLLATE utf8_general_ci NULL DEFAULT NULL,
  `available` int(11) NULL DEFAULT NULL,
  PRIMARY KEY (`id`) USING BTREE
) ENGINE = InnoDB AUTO_INCREMENT = 7 CHARACTER SET = utf8 COLLATE = utf8_general_ci ROW_FORMAT = Dynamic;

-- ----------------------------
-- Records of bus_provider
-- ----------------------------
INSERT INTO `bus_provider` VALUES (1, '', '434000', '', '0728-4124312', '', '13413441141', '', '654124345131', '12312321@sina.com', '5123123', 1);
INSERT INTO `bus_provider` VALUES (2, '', '430000', '', '0728-4124312', '', '13413441141', '', '654124345131', '12312321@sina.com', '5123123', 1);
INSERT INTO `bus_provider` VALUES (3, '', '513131', '', '21312', '', '12312', '', '512314141541', '123131', '312312', 1);

-- ----------------------------
-- Table structure for bus_sales
-- ----------------------------
DROP TABLE IF EXISTS `bus_sales`;
CREATE TABLE `bus_sales`  (
  `id` int(11) NOT NULL AUTO_INCREMENT,
  `customerid` int(11) NULL DEFAULT NULL,
  `paytype` varchar(255) CHARACTER SET utf8 COLLATE utf8_general_ci NULL DEFAULT NULL,
  `salestime` datetime(0) NULL DEFAULT NULL,
  `operateperson` varchar(255) CHARACTER SET utf8 COLLATE utf8_general_ci NULL DEFAULT NULL,
  `number` int(11) NULL DEFAULT NULL,
  `remark` varchar(255) CHARACTER SET utf8 COLLATE utf8_general_ci NULL DEFAULT NULL,
  `saleprice` decimal(10, 2) NULL DEFAULT NULL,
  `goodsid` int(11) NULL DEFAULT NULL,
  PRIMARY KEY (`id`) USING BTREE
) ENGINE = InnoDB AUTO_INCREMENT = 1 CHARACTER SET = utf8 COLLATE = utf8_general_ci ROW_FORMAT = Dynamic;

-- ----------------------------
-- Records of bus_sales
-- ----------------------------
INSERT INTO `bus_sales` VALUES (1, 1, '', '2020-04-03 16:56:54', '', 9, 'aaaa', 11.00, 1);

-- ----------------------------
-- Table structure for bus_salesback
-- ----------------------------
DROP TABLE IF EXISTS `bus_salesback`;
CREATE TABLE `bus_salesback`  (
  `id` int(11) NOT NULL AUTO_INCREMENT,
  `customerid` int(11) NULL DEFAULT NULL,
  `paytype` varchar(255) CHARACTER SET utf8 COLLATE utf8_general_ci NULL DEFAULT NULL,
  `salesbacktime` datetime(0) NULL DEFAULT NULL,
  `salebackprice` double(10, 2) NULL DEFAULT NULL,
  `operateperson` varchar(255) CHARACTER SET utf8 COLLATE utf8_general_ci NULL DEFAULT NULL,
  `number` int(11) NULL DEFAULT NULL,
  `remark` varchar(255) CHARACTER SET utf8 COLLATE utf8_general_ci NULL DEFAULT NULL,
  `goodsid` int(11) NULL DEFAULT NULL,
  PRIMARY KEY (`id`) USING BTREE
) ENGINE = InnoDB AUTO_INCREMENT = 1 CHARACTER SET = utf8 COLLATE = utf8_general_ci ROW_FORMAT = Dynamic;

-- ----------------------------
-- Records of bus_salesback
-- ----------------------------
INSERT INTO `bus_salesback` VALUES (1, 1, '', '2020-04-03 16:57:14', 11.00, '', 2, '', 1);

-- ----------------------------
-- Table structure for sys_dept
-- ----------------------------
DROP TABLE IF EXISTS `sys_dept`;
CREATE TABLE `sys_dept`  (
  `id` int(11) NOT NULL AUTO_INCREMENT,
  `pid` int(11) NULL DEFAULT NULL,
  `title` varchar(255) CHARACTER SET utf8 COLLATE utf8_general_ci NULL DEFAULT NULL,
  `open` int(11) NULL DEFAULT NULL,
  `remark` varchar(255) CHARACTER SET utf8 COLLATE utf8_general_ci NULL DEFAULT NULL,
  `address` varchar(255) CHARACTER SET utf8 COLLATE utf8_general_ci NULL DEFAULT NULL,
  `available` int(11) NULL DEFAULT NULL COMMENT '01',
  `ordernum` int(11) NULL DEFAULT NULL COMMENT '',
  `createtime` datetime(0) NULL DEFAULT NULL,
  PRIMARY KEY (`id`) USING BTREE
) ENGINE = InnoDB AUTO_INCREMENT = 28 CHARACTER SET = utf8 COLLATE = utf8_general_ci ROW_FORMAT = Dynamic;

-- ----------------------------
-- Records of sys_dept
-- ----------------------------
INSERT INTO `sys_dept` VALUES (1, 0, '', 1, 'BOSS', '', 1, 1, '2019-04-10 14:06:32');
INSERT INTO `sys_dept` VALUES (2, 1, '', 0, '', '', 1, 2, '2019-04-10 14:06:32');
INSERT INTO `sys_dept` VALUES (3, 1, '', 0, '', '', 1, 3, '2019-04-10 14:06:32');
INSERT INTO `sys_dept` VALUES (4, 1, '', 0, '', '', 1, 4, '2019-04-10 14:06:32');
INSERT INTO `sys_dept` VALUES (5, 2, '', 0, '', '', 1, 5, '2019-04-10 14:06:32');
INSERT INTO `sys_dept` VALUES (6, 2, '', 0, '', '', 1, 6, '2019-04-10 14:06:32');
INSERT INTO `sys_dept` VALUES (7, 3, '', 0, '', '', 1, 7, '2019-04-10 14:06:32');
INSERT INTO `sys_dept` VALUES (8, 2, '', 0, '', '11', 1, 8, '2019-04-10 14:06:32');
INSERT INTO `sys_dept` VALUES (9, 2, '', 0, '', '222', 1, 9, '2019-04-10 14:06:32');
INSERT INTO `sys_dept` VALUES (10, 2, '', 0, '', '33', 1, 10, '2019-04-10 14:06:32');
INSERT INTO `sys_dept` VALUES (24, 4, '33', 1, '3334', '33', 1, 12, '2019-09-24 02:11:09');
INSERT INTO `sys_dept` VALUES (26, 4, '2', 1, '233', '223', 1, 14, '2020-03-22 14:17:13');

-- ----------------------------
-- Table structure for sys_leavebill
-- ----------------------------
DROP TABLE IF EXISTS `sys_leavebill`;
CREATE TABLE `sys_leavebill`  (
  `id` int(11) NOT NULL AUTO_INCREMENT,
  `title` varchar(255) CHARACTER SET utf8 COLLATE utf8_general_ci NULL DEFAULT NULL,
  `content` varchar(255) CHARACTER SET utf8 COLLATE utf8_general_ci NULL DEFAULT NULL,
  `days` double(255, 0) NULL DEFAULT NULL,
  `leavetime` datetime(0) NULL DEFAULT NULL,
  `state` varchar(255) CHARACTER SET utf8 COLLATE utf8_general_ci NULL DEFAULT NULL COMMENT '0,  1   2  3',
  `userid` int(11) NULL DEFAULT NULL,
  PRIMARY KEY (`id`) USING BTREE
) ENGINE = InnoDB AUTO_INCREMENT = 18 CHARACTER SET = utf8 COLLATE = utf8_general_ci ROW_FORMAT = Dynamic;

-- ----------------------------
-- Records of sys_leavebill
-- ----------------------------
INSERT INTO `sys_leavebill` VALUES (1, '', '', 5, '2018-08-13 14:12:43', '0', 5);
INSERT INTO `sys_leavebill` VALUES (2, '', '', 5, '2018-08-13 14:12:43', '1', 5);
INSERT INTO `sys_leavebill` VALUES (3, '', '', 5, '2018-08-13 14:12:43', '2', 5);
INSERT INTO `sys_leavebill` VALUES (4, '', '', 5, '2018-08-13 14:12:43', '3', 5);
INSERT INTO `sys_leavebill` VALUES (17, '', '222', 2, '2020-04-07 15:31:33', '2', 5);
INSERT INTO `sys_leavebill` VALUES (18, '', '', 2, '2020-04-08 00:00:00', '1', 5);

-- ----------------------------
-- Table structure for sys_loginfo
-- ----------------------------
DROP TABLE IF EXISTS `sys_loginfo`;
CREATE TABLE `sys_loginfo`  (
  `id` int(11) NOT NULL AUTO_INCREMENT,
  `loginname` varchar(255) CHARACTER SET utf8 COLLATE utf8_general_ci NULL DEFAULT NULL,
  `loginip` varchar(255) CHARACTER SET utf8 COLLATE utf8_general_ci NULL DEFAULT NULL,
  `logintime` datetime(0) NULL DEFAULT NULL,
  PRIMARY KEY (`id`) USING BTREE
) ENGINE = InnoDB AUTO_INCREMENT = 410 CHARACTER SET = utf8 COLLATE = utf8_general_ci ROW_FORMAT = Dynamic;

-- ----------------------------
-- Records of sys_loginfo
-- ----------------------------
INSERT INTO `sys_loginfo` VALUES (2, '-system', '127.0.0.1', '2018-12-21 16:54:52');
INSERT INTO `sys_loginfo` VALUES (3, '-system', '127.0.0.1', '2018-12-21 16:55:15');
INSERT INTO `sys_loginfo` VALUES (4, '-system', '127.0.0.1', '2018-12-21 17:29:22');
INSERT INTO `sys_loginfo` VALUES (5, '-system', '127.0.0.1', '2018-12-22 09:05:22');
INSERT INTO `sys_loginfo` VALUES (6, '-system', '127.0.0.1', '2018-12-22 09:20:43');
INSERT INTO `sys_loginfo` VALUES (7, '-system', '127.0.0.1', '2018-12-22 09:25:40');
INSERT INTO `sys_loginfo` VALUES (8, '-system', '127.0.0.1', '2018-12-22 09:27:11');
INSERT INTO `sys_loginfo` VALUES (9, '-system', '127.0.0.1', '2018-12-22 09:29:58');
INSERT INTO `sys_loginfo` VALUES (10, '-system', '127.0.0.1', '2018-12-22 09:36:49');
INSERT INTO `sys_loginfo` VALUES (11, '-system', '127.0.0.1', '2018-12-22 09:46:56');
INSERT INTO `sys_loginfo` VALUES (12, '-system', '127.0.0.1', '2018-12-22 09:48:29');
INSERT INTO `sys_loginfo` VALUES (13, '-system', '127.0.0.1', '2018-12-22 09:49:13');
INSERT INTO `sys_loginfo` VALUES (14, '-system', '127.0.0.1', '2018-12-22 09:49:57');
INSERT INTO `sys_loginfo` VALUES (15, '-system', '127.0.0.1', '2018-12-22 09:57:46');
INSERT INTO `sys_loginfo` VALUES (16, '-system', '127.0.0.1', '2018-12-22 10:21:53');
INSERT INTO `sys_loginfo` VALUES (17, '-system', '127.0.0.1', '2018-12-22 10:38:25');
INSERT INTO `sys_loginfo` VALUES (18, '-system', '127.0.0.1', '2018-12-22 10:49:21');
INSERT INTO `sys_loginfo` VALUES (19, '-system', '127.0.0.1', '2018-12-22 14:01:42');
INSERT INTO `sys_loginfo` VALUES (20, '-system', '127.0.0.1', '2018-12-22 14:19:48');
INSERT INTO `sys_loginfo` VALUES (21, '-system', '127.0.0.1', '2018-12-22 14:45:29');
INSERT INTO `sys_loginfo` VALUES (22, '-system', '127.0.0.1', '2018-12-22 15:58:05');
INSERT INTO `sys_loginfo` VALUES (23, '-system', '127.0.0.1', '2018-12-22 16:40:53');
INSERT INTO `sys_loginfo` VALUES (24, '-system', '127.0.0.1', '2018-12-22 17:12:01');
INSERT INTO `sys_loginfo` VALUES (25, '-system', '127.0.0.1', '2018-12-24 09:19:15');
INSERT INTO `sys_loginfo` VALUES (26, '-system', '127.0.0.1', '2018-12-24 09:37:28');
INSERT INTO `sys_loginfo` VALUES (27, '-system', '127.0.0.1', '2018-12-24 09:46:51');
INSERT INTO `sys_loginfo` VALUES (28, '-system', '127.0.0.1', '2018-12-24 09:50:40');
INSERT INTO `sys_loginfo` VALUES (29, '-system', '127.0.0.1', '2018-12-24 09:52:52');
INSERT INTO `sys_loginfo` VALUES (30, '-system', '127.0.0.1', '2018-12-24 10:00:26');
INSERT INTO `sys_loginfo` VALUES (31, '-system', '127.0.0.1', '2018-12-24 10:10:58');
INSERT INTO `sys_loginfo` VALUES (32, '-system', '127.0.0.1', '2018-12-24 10:21:28');
INSERT INTO `sys_loginfo` VALUES (33, '-system', '127.0.0.1', '2018-12-24 11:22:27');
INSERT INTO `sys_loginfo` VALUES (34, '-system', '127.0.0.1', '2018-12-24 11:35:28');
INSERT INTO `sys_loginfo` VALUES (35, '-system', '127.0.0.1', '2018-12-24 14:05:28');
INSERT INTO `sys_loginfo` VALUES (36, '-system', '127.0.0.1', '2018-12-24 15:16:29');
INSERT INTO `sys_loginfo` VALUES (37, '-ls', '127.0.0.1', '2018-12-24 15:16:50');
INSERT INTO `sys_loginfo` VALUES (38, '-ww', '127.0.0.1', '2018-12-24 15:17:36');
INSERT INTO `sys_loginfo` VALUES (39, '-zl', '127.0.0.1', '2018-12-24 15:17:47');
INSERT INTO `sys_loginfo` VALUES (40, '-sq', '127.0.0.1', '2018-12-24 15:17:58');
INSERT INTO `sys_loginfo` VALUES (41, '-lb', '127.0.0.1', '2018-12-24 15:18:09');
INSERT INTO `sys_loginfo` VALUES (42, '-system', '127.0.0.1', '2018-12-24 15:34:59');
INSERT INTO `sys_loginfo` VALUES (43, '-system', '127.0.0.1', '2018-12-24 15:35:09');
INSERT INTO `sys_loginfo` VALUES (44, '-lb', '127.0.0.1', '2018-12-24 15:36:09');
INSERT INTO `sys_loginfo` VALUES (45, '-lb', '127.0.0.1', '2018-12-24 15:42:58');
INSERT INTO `sys_loginfo` VALUES (46, '-lb', '127.0.0.1', '2018-12-24 15:43:04');
INSERT INTO `sys_loginfo` VALUES (47, '-system', '127.0.0.1', '2018-12-24 15:46:01');
INSERT INTO `sys_loginfo` VALUES (48, '-system', '127.0.0.1', '2018-12-24 17:03:54');
INSERT INTO `sys_loginfo` VALUES (49, '-system', '127.0.0.1', '2018-12-24 17:26:32');
INSERT INTO `sys_loginfo` VALUES (50, '-system', '127.0.0.1', '2018-12-25 09:07:42');
INSERT INTO `sys_loginfo` VALUES (51, '-system', '127.0.0.1', '2018-12-25 09:16:27');
INSERT INTO `sys_loginfo` VALUES (52, '-system', '127.0.0.1', '2018-12-25 09:59:03');
INSERT INTO `sys_loginfo` VALUES (53, '-system', '127.0.0.1', '2018-12-25 10:05:13');
INSERT INTO `sys_loginfo` VALUES (54, '-system', '127.0.0.1', '2018-12-25 10:05:47');
INSERT INTO `sys_loginfo` VALUES (55, '-system', '127.0.0.1', '2018-12-25 10:11:17');
INSERT INTO `sys_loginfo` VALUES (56, '-system', '127.0.0.1', '2018-12-25 10:14:06');
INSERT INTO `sys_loginfo` VALUES (57, '-system', '127.0.0.1', '2018-12-25 10:36:16');
INSERT INTO `sys_loginfo` VALUES (58, '-system', '127.0.0.1', '2018-12-25 14:17:21');
INSERT INTO `sys_loginfo` VALUES (59, '-system', '127.0.0.1', '2018-12-25 14:20:00');
INSERT INTO `sys_loginfo` VALUES (60, '-system', '127.0.0.1', '2018-12-25 14:34:22');
INSERT INTO `sys_loginfo` VALUES (61, '-system', '127.0.0.1', '2018-12-25 14:34:27');
INSERT INTO `sys_loginfo` VALUES (62, '-system', '127.0.0.1', '2018-12-25 14:38:37');
INSERT INTO `sys_loginfo` VALUES (63, '-system', '127.0.0.1', '2018-12-25 14:50:37');
INSERT INTO `sys_loginfo` VALUES (64, '-system', '127.0.0.1', '2018-12-25 16:01:35');
INSERT INTO `sys_loginfo` VALUES (65, '-system', '127.0.0.1', '2018-12-25 16:25:28');
INSERT INTO `sys_loginfo` VALUES (66, '-system', '127.0.0.1', '2018-12-25 16:27:37');
INSERT INTO `sys_loginfo` VALUES (67, '-system', '127.0.0.1', '2018-12-25 16:28:28');
INSERT INTO `sys_loginfo` VALUES (68, '-system', '127.0.0.1', '2018-12-25 16:44:02');
INSERT INTO `sys_loginfo` VALUES (69, '-system', '127.0.0.1', '2018-12-25 16:47:55');
INSERT INTO `sys_loginfo` VALUES (70, '-system', '127.0.0.1', '2018-12-28 15:59:34');
INSERT INTO `sys_loginfo` VALUES (71, '-system', '127.0.0.1', '2018-12-28 17:27:16');
INSERT INTO `sys_loginfo` VALUES (72, '-system', '127.0.0.1', '2018-12-28 17:29:40');
INSERT INTO `sys_loginfo` VALUES (73, '-system', '127.0.0.1', '2018-12-28 17:51:10');
INSERT INTO `sys_loginfo` VALUES (74, '-system', '127.0.0.1', '2019-04-15 17:05:02');
INSERT INTO `sys_loginfo` VALUES (75, '-system', '127.0.0.1', '2019-04-15 17:05:12');
INSERT INTO `sys_loginfo` VALUES (76, '-system', '127.0.0.1', '2019-04-15 17:10:22');
INSERT INTO `sys_loginfo` VALUES (77, '-lb', '127.0.0.1', '2019-04-15 17:11:45');
INSERT INTO `sys_loginfo` VALUES (78, '-lb', '127.0.0.1', '2019-04-15 17:28:50');
INSERT INTO `sys_loginfo` VALUES (79, '-system', '127.0.0.1', '2019-04-15 17:29:13');
INSERT INTO `sys_loginfo` VALUES (80, '-lb', '127.0.0.1', '2019-04-15 17:30:59');
INSERT INTO `sys_loginfo` VALUES (81, '-lb', '127.0.0.1', '2019-04-15 17:32:42');
INSERT INTO `sys_loginfo` VALUES (82, '-lb', '127.0.0.1', '2019-04-15 17:33:48');
INSERT INTO `sys_loginfo` VALUES (83, '-lb', '127.0.0.1', '2019-04-15 17:34:17');
INSERT INTO `sys_loginfo` VALUES (84, '-system', '127.0.0.1', '2019-04-15 17:36:40');
INSERT INTO `sys_loginfo` VALUES (85, '-system', '127.0.0.1', '2019-04-15 17:47:21');
INSERT INTO `sys_loginfo` VALUES (86, '-system', '127.0.0.1', '2019-04-15 17:54:10');
INSERT INTO `sys_loginfo` VALUES (87, '-system', '127.0.0.1', '2019-04-15 17:55:52');
INSERT INTO `sys_loginfo` VALUES (88, '-system', '127.0.0.1', '2019-04-16 09:26:01');
INSERT INTO `sys_loginfo` VALUES (89, '-system', '127.0.0.1', '2019-04-16 09:26:25');
INSERT INTO `sys_loginfo` VALUES (90, '-system', '127.0.0.1', '2019-04-16 09:46:54');
INSERT INTO `sys_loginfo` VALUES (91, '-system', '127.0.0.1', '2019-04-16 10:07:48');
INSERT INTO `sys_loginfo` VALUES (92, '-system', '127.0.0.1', '2019-04-16 10:10:30');
INSERT INTO `sys_loginfo` VALUES (93, '-system', '127.0.0.1', '2019-04-16 10:14:29');
INSERT INTO `sys_loginfo` VALUES (94, '-system', '127.0.0.1', '2019-04-16 10:15:04');
INSERT INTO `sys_loginfo` VALUES (95, '-system', '127.0.0.1', '2019-04-16 10:15:58');
INSERT INTO `sys_loginfo` VALUES (96, '-system', '127.0.0.1', '2019-04-16 10:28:14');
INSERT INTO `sys_loginfo` VALUES (97, '-system', '127.0.0.1', '2019-04-16 10:32:42');
INSERT INTO `sys_loginfo` VALUES (98, '-system', '127.0.0.1', '2019-04-16 10:33:03');
INSERT INTO `sys_loginfo` VALUES (99, '-system', '127.0.0.1', '2019-04-16 11:02:01');
INSERT INTO `sys_loginfo` VALUES (100, '-system', '127.0.0.1', '2019-04-16 11:03:09');
INSERT INTO `sys_loginfo` VALUES (101, '-system', '127.0.0.1', '2019-04-16 11:13:42');
INSERT INTO `sys_loginfo` VALUES (102, '-system', '127.0.0.1', '2019-04-16 11:24:55');
INSERT INTO `sys_loginfo` VALUES (104, '-system', '127.0.0.1', '2019-08-14 01:11:34');
INSERT INTO `sys_loginfo` VALUES (105, '-system', '127.0.0.1', '2019-08-14 01:24:03');
INSERT INTO `sys_loginfo` VALUES (106, '-ls', '127.0.0.1', '2019-08-14 01:25:47');
INSERT INTO `sys_loginfo` VALUES (107, '-ls', '127.0.0.1', '2019-08-14 01:26:41');
INSERT INTO `sys_loginfo` VALUES (108, '-sq', '127.0.0.1', '2019-08-14 01:28:22');
INSERT INTO `sys_loginfo` VALUES (109, '-lb', '127.0.0.1', '2019-08-14 01:28:32');
INSERT INTO `sys_loginfo` VALUES (110, '-system', '127.0.0.1', '2019-08-14 01:46:18');
INSERT INTO `sys_loginfo` VALUES (111, '-system', '127.0.0.1', '2019-08-14 02:18:44');
INSERT INTO `sys_loginfo` VALUES (112, '-system', '127.0.0.1', '2019-08-14 02:32:06');
INSERT INTO `sys_loginfo` VALUES (113, '-ls', '127.0.0.1', '2019-08-14 03:00:19');
INSERT INTO `sys_loginfo` VALUES (114, '-ls', '127.0.0.1', '2019-08-14 03:00:56');
INSERT INTO `sys_loginfo` VALUES (115, '-ls', '127.0.0.1', '2019-08-14 03:01:31');
INSERT INTO `sys_loginfo` VALUES (116, '-ls', '127.0.0.1', '2019-08-14 03:01:39');
INSERT INTO `sys_loginfo` VALUES (117, '-ls', '127.0.0.1', '2019-08-14 03:02:25');
INSERT INTO `sys_loginfo` VALUES (118, '-ls', '127.0.0.1', '2019-08-14 03:04:57');
INSERT INTO `sys_loginfo` VALUES (119, '-ls', '127.0.0.1', '2019-08-14 03:07:19');
INSERT INTO `sys_loginfo` VALUES (120, '-ls', '127.0.0.1', '2019-08-14 03:07:54');
INSERT INTO `sys_loginfo` VALUES (121, '-system', '127.0.0.1', '2019-08-14 03:13:06');
INSERT INTO `sys_loginfo` VALUES (122, '-ls', '127.0.0.1', '2019-08-14 03:14:46');
INSERT INTO `sys_loginfo` VALUES (123, '-system', '127.0.0.1', '2019-08-14 06:03:47');
INSERT INTO `sys_loginfo` VALUES (124, '-system', '127.0.0.1', '2019-08-14 07:20:12');
INSERT INTO `sys_loginfo` VALUES (125, '-system', '127.0.0.1', '2019-08-14 07:23:05');
INSERT INTO `sys_loginfo` VALUES (126, '-system', '127.0.0.1', '2019-08-14 07:25:30');
INSERT INTO `sys_loginfo` VALUES (127, '-system', '127.0.0.1', '2019-08-14 07:26:34');
INSERT INTO `sys_loginfo` VALUES (128, '-system', '127.0.0.1', '2019-08-14 07:27:22');
INSERT INTO `sys_loginfo` VALUES (129, '-system', '127.0.0.1', '2019-08-14 07:27:51');
INSERT INTO `sys_loginfo` VALUES (130, '-system', '127.0.0.1', '2019-08-14 08:22:05');
INSERT INTO `sys_loginfo` VALUES (131, '-system', '127.0.0.1', '2019-08-14 08:43:53');
INSERT INTO `sys_loginfo` VALUES (132, '-system', '127.0.0.1', '2019-08-14 08:45:55');
INSERT INTO `sys_loginfo` VALUES (133, '-system', '127.0.0.1', '2019-08-14 08:47:13');
INSERT INTO `sys_loginfo` VALUES (134, '-system', '127.0.0.1', '2019-08-14 09:35:20');
INSERT INTO `sys_loginfo` VALUES (135, '-system', '127.0.0.1', '2019-08-14 09:41:02');
INSERT INTO `sys_loginfo` VALUES (136, '-system', '127.0.0.1', '2019-08-14 09:44:04');
INSERT INTO `sys_loginfo` VALUES (137, '-system', '127.0.0.1', '2019-08-14 09:50:27');
INSERT INTO `sys_loginfo` VALUES (138, '-system', '127.0.0.1', '2019-08-14 09:56:57');
INSERT INTO `sys_loginfo` VALUES (139, '-system', '127.0.0.1', '2019-08-14 09:59:02');
INSERT INTO `sys_loginfo` VALUES (140, '-system', '127.0.0.1', '2019-08-16 01:05:37');
INSERT INTO `sys_loginfo` VALUES (141, '-system', '127.0.0.1', '2019-08-16 02:01:44');
INSERT INTO `sys_loginfo` VALUES (142, '-system', '127.0.0.1', '2019-08-16 02:05:57');
INSERT INTO `sys_loginfo` VALUES (143, '-system', '127.0.0.1', '2019-08-16 02:07:04');
INSERT INTO `sys_loginfo` VALUES (144, '-system', '127.0.0.1', '2019-08-16 02:20:02');
INSERT INTO `sys_loginfo` VALUES (145, '-system', '127.0.0.1', '2019-08-16 02:20:20');
INSERT INTO `sys_loginfo` VALUES (146, '-system', '127.0.0.1', '2019-08-16 02:21:42');
INSERT INTO `sys_loginfo` VALUES (147, '-system', '127.0.0.1', '2019-08-16 03:37:37');
INSERT INTO `sys_loginfo` VALUES (148, '-system', '127.0.0.1', '2019-08-16 03:52:40');
INSERT INTO `sys_loginfo` VALUES (149, '-system', '127.0.0.1', '2019-08-16 03:59:37');
INSERT INTO `sys_loginfo` VALUES (150, '-system', '127.0.0.1', '2019-08-16 06:11:45');
INSERT INTO `sys_loginfo` VALUES (151, '-system', '127.0.0.1', '2019-08-16 06:23:27');
INSERT INTO `sys_loginfo` VALUES (153, '-system', '127.0.0.1', '2019-08-16 06:54:49');
INSERT INTO `sys_loginfo` VALUES (154, '-system', '127.0.0.1', '2019-08-16 07:00:48');
INSERT INTO `sys_loginfo` VALUES (155, '-system', '127.0.0.1', '2019-08-16 07:01:18');
INSERT INTO `sys_loginfo` VALUES (156, '-system', '127.0.0.1', '2019-08-16 07:03:35');
INSERT INTO `sys_loginfo` VALUES (157, '-system', '127.0.0.1', '2019-08-16 07:09:55');
INSERT INTO `sys_loginfo` VALUES (158, '-system', '127.0.0.1', '2019-08-16 07:46:09');
INSERT INTO `sys_loginfo` VALUES (159, '-system', '127.0.0.1', '2019-08-16 08:17:59');
INSERT INTO `sys_loginfo` VALUES (160, '-system', '127.0.0.1', '2019-08-16 08:22:29');
INSERT INTO `sys_loginfo` VALUES (161, '-system', '127.0.0.1', '2019-08-16 08:23:32');
INSERT INTO `sys_loginfo` VALUES (162, '-system', '127.0.0.1', '2019-08-16 08:26:48');
INSERT INTO `sys_loginfo` VALUES (169, '-system', '127.0.0.1', '2019-09-21 06:27:30');
INSERT INTO `sys_loginfo` VALUES (170, '-system', '127.0.0.1', '2019-09-21 08:21:06');
INSERT INTO `sys_loginfo` VALUES (171, '-system', '127.0.0.1', '2019-09-21 08:37:15');
INSERT INTO `sys_loginfo` VALUES (172, '-system', '127.0.0.1', '2019-09-21 09:06:00');
INSERT INTO `sys_loginfo` VALUES (173, '-system', '127.0.0.1', '2019-09-23 01:15:49');
INSERT INTO `sys_loginfo` VALUES (174, '-system', '127.0.0.1', '2019-09-23 01:33:24');
INSERT INTO `sys_loginfo` VALUES (175, '-system', '127.0.0.1', '2019-09-23 03:29:51');
INSERT INTO `sys_loginfo` VALUES (176, '-system', '127.0.0.1', '2019-09-23 06:13:27');
INSERT INTO `sys_loginfo` VALUES (177, '-system', '127.0.0.1', '2019-09-23 06:47:14');
INSERT INTO `sys_loginfo` VALUES (178, '-system', '127.0.0.1', '2019-09-23 07:06:44');
INSERT INTO `sys_loginfo` VALUES (180, '-system', '127.0.0.1', '2019-09-23 09:54:08');
INSERT INTO `sys_loginfo` VALUES (181, '-system', '127.0.0.1', '2019-09-23 09:56:48');
INSERT INTO `sys_loginfo` VALUES (182, '-system', '127.0.0.1', '2019-09-23 13:41:31');
INSERT INTO `sys_loginfo` VALUES (183, '-system', '127.0.0.1', '2019-09-23 14:36:22');
INSERT INTO `sys_loginfo` VALUES (184, '-system', '127.0.0.1', '2019-09-24 01:05:42');
INSERT INTO `sys_loginfo` VALUES (185, '-system', '127.0.0.1', '2019-09-24 01:31:22');
INSERT INTO `sys_loginfo` VALUES (186, '-system', '127.0.0.1', '2019-09-24 02:10:56');
INSERT INTO `sys_loginfo` VALUES (187, '-system', '127.0.0.1', '2019-09-24 06:18:21');
INSERT INTO `sys_loginfo` VALUES (188, '-system', '127.0.0.1', '2019-09-24 06:59:55');
INSERT INTO `sys_loginfo` VALUES (189, '-system', '127.0.0.1', '2019-09-24 07:22:44');
INSERT INTO `sys_loginfo` VALUES (190, '-system', '127.0.0.1', '2019-09-24 07:34:33');
INSERT INTO `sys_loginfo` VALUES (191, '-system', '127.0.0.1', '2019-09-24 08:58:13');
INSERT INTO `sys_loginfo` VALUES (192, '-system', '127.0.0.1', '2019-09-24 12:43:54');
INSERT INTO `sys_loginfo` VALUES (193, '-system', '127.0.0.1', '2019-09-25 01:05:12');
INSERT INTO `sys_loginfo` VALUES (194, '-system', '127.0.0.1', '2019-09-25 01:37:40');
INSERT INTO `sys_loginfo` VALUES (195, '-system', '127.0.0.1', '2019-09-25 01:43:26');
INSERT INTO `sys_loginfo` VALUES (196, '-system', '127.0.0.1', '2019-09-25 01:46:40');
INSERT INTO `sys_loginfo` VALUES (197, '-system', '127.0.0.1', '2019-09-25 01:55:27');
INSERT INTO `sys_loginfo` VALUES (198, '-system', '127.0.0.1', '2019-09-25 02:27:40');
INSERT INTO `sys_loginfo` VALUES (199, '-system', '127.0.0.1', '2019-09-25 02:32:48');
INSERT INTO `sys_loginfo` VALUES (200, '-system', '127.0.0.1', '2019-09-25 02:35:53');
INSERT INTO `sys_loginfo` VALUES (201, '-system', '127.0.0.1', '2019-09-25 03:33:17');
INSERT INTO `sys_loginfo` VALUES (202, '-system', '127.0.0.1', '2019-09-25 06:05:49');
INSERT INTO `sys_loginfo` VALUES (203, '-system', '127.0.0.1', '2019-09-25 06:44:21');
INSERT INTO `sys_loginfo` VALUES (204, '-system', '127.0.0.1', '2019-09-25 06:47:39');
INSERT INTO `sys_loginfo` VALUES (205, '-system', '127.0.0.1', '2019-09-25 06:54:08');
INSERT INTO `sys_loginfo` VALUES (206, '-xiaoxiaoming', '127.0.0.1', '2019-09-25 06:55:09');
INSERT INTO `sys_loginfo` VALUES (207, '-system', '127.0.0.1', '2019-09-25 06:55:18');
INSERT INTO `sys_loginfo` VALUES (208, '-system', '127.0.0.1', '2019-09-25 08:23:32');
INSERT INTO `sys_loginfo` VALUES (209, '-system', '127.0.0.1', '2019-09-25 09:32:37');
INSERT INTO `sys_loginfo` VALUES (210, '-system', '127.0.0.1', '2019-09-25 09:41:34');
INSERT INTO `sys_loginfo` VALUES (211, '-system', '127.0.0.1', '2019-09-25 09:57:10');
INSERT INTO `sys_loginfo` VALUES (212, '-ls', '127.0.0.1', '2019-09-25 09:58:02');
INSERT INTO `sys_loginfo` VALUES (213, '-ww', '127.0.0.1', '2019-09-25 09:58:13');
INSERT INTO `sys_loginfo` VALUES (214, '-xidada', '127.0.0.1', '2019-09-25 09:58:24');
INSERT INTO `sys_loginfo` VALUES (215, '-lb', '127.0.0.1', '2019-09-25 10:06:07');
INSERT INTO `sys_loginfo` VALUES (216, '-lb', '127.0.0.1', '2019-09-25 10:09:17');
INSERT INTO `sys_loginfo` VALUES (217, '-lb', '127.0.0.1', '2019-09-25 10:11:39');
INSERT INTO `sys_loginfo` VALUES (218, '-lb', '127.0.0.1', '2019-09-25 10:13:49');
INSERT INTO `sys_loginfo` VALUES (219, '-lb', '127.0.0.1', '2019-09-25 10:14:16');
INSERT INTO `sys_loginfo` VALUES (220, '-system', '127.0.0.1', '2019-09-27 01:12:10');
INSERT INTO `sys_loginfo` VALUES (221, '-system', '127.0.0.1', '2019-09-27 01:34:40');
INSERT INTO `sys_loginfo` VALUES (222, '-system', '127.0.0.1', '2019-09-27 01:36:20');
INSERT INTO `sys_loginfo` VALUES (223, '-system', '127.0.0.1', '2019-09-27 03:03:01');
INSERT INTO `sys_loginfo` VALUES (224, '-system', '127.0.0.1', '2019-09-27 06:12:41');
INSERT INTO `sys_loginfo` VALUES (225, '-system', '127.0.0.1', '2019-09-27 06:30:55');
INSERT INTO `sys_loginfo` VALUES (226, '-system', '127.0.0.1', '2019-09-27 06:32:23');
INSERT INTO `sys_loginfo` VALUES (227, '-system', '127.0.0.1', '2019-09-27 06:35:18');
INSERT INTO `sys_loginfo` VALUES (228, '-system', '127.0.0.1', '2019-09-27 06:41:36');
INSERT INTO `sys_loginfo` VALUES (229, '-system', '127.0.0.1', '2019-09-27 06:54:10');
INSERT INTO `sys_loginfo` VALUES (230, '-system', '127.0.0.1', '2019-09-27 07:21:43');
INSERT INTO `sys_loginfo` VALUES (231, '-system', '127.0.0.1', '2019-09-27 07:22:43');
INSERT INTO `sys_loginfo` VALUES (232, '-system', '127.0.0.1', '2019-09-27 07:23:35');
INSERT INTO `sys_loginfo` VALUES (233, '-system', '127.0.0.1', '2019-09-27 07:35:38');
INSERT INTO `sys_loginfo` VALUES (234, '-system', '127.0.0.1', '2019-09-27 08:38:42');
INSERT INTO `sys_loginfo` VALUES (235, '-system', '127.0.0.1', '2019-09-27 08:49:03');
INSERT INTO `sys_loginfo` VALUES (236, '-system', '127.0.0.1', '2019-09-27 08:50:09');
INSERT INTO `sys_loginfo` VALUES (237, '-system', '127.0.0.1', '2019-09-27 08:55:53');
INSERT INTO `sys_loginfo` VALUES (238, '-system', '127.0.0.1', '2019-09-27 09:03:14');
INSERT INTO `sys_loginfo` VALUES (239, '-system', '127.0.0.1', '2019-09-27 09:05:30');
INSERT INTO `sys_loginfo` VALUES (240, '-system', '127.0.0.1', '2019-09-27 09:13:24');
INSERT INTO `sys_loginfo` VALUES (241, '-system', '127.0.0.1', '2019-09-27 11:40:15');
INSERT INTO `sys_loginfo` VALUES (242, '-system', '127.0.0.1', '2019-09-28 01:06:10');
INSERT INTO `sys_loginfo` VALUES (243, '-system', '127.0.0.1', '2019-09-28 01:34:38');
INSERT INTO `sys_loginfo` VALUES (244, '-system', '127.0.0.1', '2019-09-28 01:37:49');
INSERT INTO `sys_loginfo` VALUES (245, '-system', '127.0.0.1', '2019-09-28 01:41:24');
INSERT INTO `sys_loginfo` VALUES (246, '-system', '127.0.0.1', '2019-09-28 02:04:47');
INSERT INTO `sys_loginfo` VALUES (247, '-system', '127.0.0.1', '2019-09-28 02:10:42');
INSERT INTO `sys_loginfo` VALUES (248, '-system', '127.0.0.1', '2019-09-28 03:09:10');
INSERT INTO `sys_loginfo` VALUES (249, '-system', '127.0.0.1', '2019-09-28 03:16:51');
INSERT INTO `sys_loginfo` VALUES (250, '-system', '127.0.0.1', '2019-09-28 03:46:59');
INSERT INTO `sys_loginfo` VALUES (251, '-system', '127.0.0.1', '2019-09-28 06:44:10');
INSERT INTO `sys_loginfo` VALUES (252, '-system', '127.0.0.1', '2019-09-28 06:51:39');
INSERT INTO `sys_loginfo` VALUES (253, '-system', '127.0.0.1', '2019-09-28 06:56:05');
INSERT INTO `sys_loginfo` VALUES (254, '-system', '127.0.0.1', '2019-09-28 07:32:20');
INSERT INTO `sys_loginfo` VALUES (255, '-system', '127.0.0.1', '2019-09-28 07:37:57');
INSERT INTO `sys_loginfo` VALUES (256, '-system', '0:0:0:0:0:0:0:1', '2020-03-20 15:38:33');
INSERT INTO `sys_loginfo` VALUES (257, '-system', '0:0:0:0:0:0:0:1', '2020-03-20 16:31:07');
INSERT INTO `sys_loginfo` VALUES (258, '-system', '0:0:0:0:0:0:0:1', '2020-03-20 16:53:15');
INSERT INTO `sys_loginfo` VALUES (259, '-system', '0:0:0:0:0:0:0:1', '2020-03-20 16:55:10');
INSERT INTO `sys_loginfo` VALUES (260, '-system', '0:0:0:0:0:0:0:1', '2020-03-20 22:06:00');
INSERT INTO `sys_loginfo` VALUES (261, '-system', '0:0:0:0:0:0:0:1', '2020-03-20 22:10:58');
INSERT INTO `sys_loginfo` VALUES (262, '-system', '0:0:0:0:0:0:0:1', '2020-03-20 22:11:17');
INSERT INTO `sys_loginfo` VALUES (263, '-system', '0:0:0:0:0:0:0:1', '2020-03-20 22:50:44');
INSERT INTO `sys_loginfo` VALUES (264, '-system', '0:0:0:0:0:0:0:1', '2020-03-21 17:17:40');
INSERT INTO `sys_loginfo` VALUES (265, '-system', '127.0.0.1', '2020-03-21 17:30:51');
INSERT INTO `sys_loginfo` VALUES (266, '-system', '0:0:0:0:0:0:0:1', '2020-03-21 17:33:55');
INSERT INTO `sys_loginfo` VALUES (267, '-system', '0:0:0:0:0:0:0:1', '2020-03-21 18:04:20');
INSERT INTO `sys_loginfo` VALUES (268, '-system', '0:0:0:0:0:0:0:1', '2020-03-21 18:14:45');
INSERT INTO `sys_loginfo` VALUES (269, '-system', '0:0:0:0:0:0:0:1', '2020-03-21 18:16:17');
INSERT INTO `sys_loginfo` VALUES (270, '-system', '0:0:0:0:0:0:0:1', '2020-03-22 13:25:05');
INSERT INTO `sys_loginfo` VALUES (271, '-system', '0:0:0:0:0:0:0:1', '2020-03-22 14:14:50');
INSERT INTO `sys_loginfo` VALUES (272, '-system', '0:0:0:0:0:0:0:1', '2020-03-22 14:27:52');
INSERT INTO `sys_loginfo` VALUES (273, '-system', '0:0:0:0:0:0:0:1', '2020-03-22 14:28:57');
INSERT INTO `sys_loginfo` VALUES (274, '-system', '0:0:0:0:0:0:0:1', '2020-03-22 15:32:46');
INSERT INTO `sys_loginfo` VALUES (275, '-system', '0:0:0:0:0:0:0:1', '2020-03-22 21:23:16');
INSERT INTO `sys_loginfo` VALUES (276, '-system', '0:0:0:0:0:0:0:1', '2020-03-22 22:04:52');
INSERT INTO `sys_loginfo` VALUES (277, '-system', '0:0:0:0:0:0:0:1', '2020-03-22 23:15:13');
INSERT INTO `sys_loginfo` VALUES (278, '-system', '0:0:0:0:0:0:0:1', '2020-03-23 16:21:52');
INSERT INTO `sys_loginfo` VALUES (279, '-system', '0:0:0:0:0:0:0:1', '2020-03-23 16:27:11');
INSERT INTO `sys_loginfo` VALUES (280, '-system', '0:0:0:0:0:0:0:1', '2020-03-23 17:17:38');
INSERT INTO `sys_loginfo` VALUES (281, '-system', '0:0:0:0:0:0:0:1', '2020-03-23 17:27:50');
INSERT INTO `sys_loginfo` VALUES (282, '-system', '0:0:0:0:0:0:0:1', '2020-03-23 18:08:58');
INSERT INTO `sys_loginfo` VALUES (283, '-system', '0:0:0:0:0:0:0:1', '2020-03-23 18:15:40');
INSERT INTO `sys_loginfo` VALUES (284, '-system', '0:0:0:0:0:0:0:1', '2020-03-23 21:39:25');
INSERT INTO `sys_loginfo` VALUES (285, '-haha', '0:0:0:0:0:0:0:1', '2020-03-23 21:40:39');
INSERT INTO `sys_loginfo` VALUES (286, '-system', '0:0:0:0:0:0:0:1', '2020-03-23 21:40:52');
INSERT INTO `sys_loginfo` VALUES (287, '-xidada', '0:0:0:0:0:0:0:1', '2020-03-23 21:42:07');
INSERT INTO `sys_loginfo` VALUES (288, '-system', '0:0:0:0:0:0:0:1', '2020-03-23 21:42:25');
INSERT INTO `sys_loginfo` VALUES (289, '-haha', '0:0:0:0:0:0:0:1', '2020-03-23 21:42:58');
INSERT INTO `sys_loginfo` VALUES (290, '-system', '0:0:0:0:0:0:0:1', '2020-03-23 21:43:14');
INSERT INTO `sys_loginfo` VALUES (291, '-system', '0:0:0:0:0:0:0:1', '2020-03-23 22:19:56');
INSERT INTO `sys_loginfo` VALUES (292, '-system', '0:0:0:0:0:0:0:1', '2020-03-24 15:11:20');
INSERT INTO `sys_loginfo` VALUES (293, '-system', '0:0:0:0:0:0:0:1', '2020-03-24 16:34:41');
INSERT INTO `sys_loginfo` VALUES (294, '-system', '0:0:0:0:0:0:0:1', '2020-03-24 16:36:02');
INSERT INTO `sys_loginfo` VALUES (295, '-system', '0:0:0:0:0:0:0:1', '2020-03-24 17:29:55');
INSERT INTO `sys_loginfo` VALUES (296, '-system', '0:0:0:0:0:0:0:1', '2020-03-24 17:30:29');
INSERT INTO `sys_loginfo` VALUES (297, '-system', '0:0:0:0:0:0:0:1', '2020-03-24 17:36:38');
INSERT INTO `sys_loginfo` VALUES (298, '-system', '0:0:0:0:0:0:0:1', '2020-03-24 18:21:19');
INSERT INTO `sys_loginfo` VALUES (299, '-system', '0:0:0:0:0:0:0:1', '2020-03-24 22:31:13');
INSERT INTO `sys_loginfo` VALUES (300, '-system', '0:0:0:0:0:0:0:1', '2020-03-24 23:13:18');
INSERT INTO `sys_loginfo` VALUES (301, '-system', '0:0:0:0:0:0:0:1', '2020-03-25 00:20:38');
INSERT INTO `sys_loginfo` VALUES (302, '-system', '0:0:0:0:0:0:0:1', '2020-03-25 16:34:24');
INSERT INTO `sys_loginfo` VALUES (303, '-system', '0:0:0:0:0:0:0:1', '2020-03-25 17:47:50');
INSERT INTO `sys_loginfo` VALUES (304, '-system', '0:0:0:0:0:0:0:1', '2020-03-25 18:00:45');
INSERT INTO `sys_loginfo` VALUES (305, '-system', '0:0:0:0:0:0:0:1', '2020-03-25 18:34:13');
INSERT INTO `sys_loginfo` VALUES (306, '-system', '0:0:0:0:0:0:0:1', '2020-03-25 21:05:07');
INSERT INTO `sys_loginfo` VALUES (307, '-system', '0:0:0:0:0:0:0:1', '2020-03-25 21:30:53');
INSERT INTO `sys_loginfo` VALUES (308, '-system', '0:0:0:0:0:0:0:1', '2020-03-25 21:32:28');
INSERT INTO `sys_loginfo` VALUES (309, '-system', '0:0:0:0:0:0:0:1', '2020-03-25 22:03:45');
INSERT INTO `sys_loginfo` VALUES (310, '-system', '0:0:0:0:0:0:0:1', '2020-03-25 22:10:09');
INSERT INTO `sys_loginfo` VALUES (311, '-system', '0:0:0:0:0:0:0:1', '2020-03-25 22:18:45');
INSERT INTO `sys_loginfo` VALUES (312, '-system', '0:0:0:0:0:0:0:1', '2020-03-25 22:26:58');
INSERT INTO `sys_loginfo` VALUES (313, '-system', '0:0:0:0:0:0:0:1', '2020-03-25 22:35:55');
INSERT INTO `sys_loginfo` VALUES (314, '-system', '0:0:0:0:0:0:0:1', '2020-03-25 23:06:52');
INSERT INTO `sys_loginfo` VALUES (315, '-system', '0:0:0:0:0:0:0:1', '2020-03-27 17:28:47');
INSERT INTO `sys_loginfo` VALUES (316, '-system', '0:0:0:0:0:0:0:1', '2020-03-27 17:51:02');
INSERT INTO `sys_loginfo` VALUES (317, '-system', '0:0:0:0:0:0:0:1', '2020-03-27 22:47:05');
INSERT INTO `sys_loginfo` VALUES (318, '-system', '0:0:0:0:0:0:0:1', '2020-03-27 23:03:19');
INSERT INTO `sys_loginfo` VALUES (319, '-system', '0:0:0:0:0:0:0:1', '2020-03-28 17:49:07');
INSERT INTO `sys_loginfo` VALUES (320, '-system', '0:0:0:0:0:0:0:1', '2020-03-28 17:53:22');
INSERT INTO `sys_loginfo` VALUES (321, '-system', '0:0:0:0:0:0:0:1', '2020-03-28 18:11:56');
INSERT INTO `sys_loginfo` VALUES (322, '-system', '0:0:0:0:0:0:0:1', '2020-03-28 18:18:20');
INSERT INTO `sys_loginfo` VALUES (323, '-sq', '0:0:0:0:0:0:0:1', '2020-03-28 22:21:01');
INSERT INTO `sys_loginfo` VALUES (324, '-system', '0:0:0:0:0:0:0:1', '2020-03-28 22:22:11');
INSERT INTO `sys_loginfo` VALUES (325, '-sq', '0:0:0:0:0:0:0:1', '2020-03-28 22:23:37');
INSERT INTO `sys_loginfo` VALUES (326, '-sq', '0:0:0:0:0:0:0:1', '2020-03-28 22:29:42');
INSERT INTO `sys_loginfo` VALUES (327, '-system', '0:0:0:0:0:0:0:1', '2020-03-28 23:19:04');
INSERT INTO `sys_loginfo` VALUES (328, '-system', '0:0:0:0:0:0:0:1', '2020-03-28 23:21:00');
INSERT INTO `sys_loginfo` VALUES (329, '-sq', '0:0:0:0:0:0:0:1', '2020-03-28 23:23:32');
INSERT INTO `sys_loginfo` VALUES (330, '-system', '0:0:0:0:0:0:0:1', '2020-03-29 17:13:03');
INSERT INTO `sys_loginfo` VALUES (331, '-sq', '0:0:0:0:0:0:0:1', '2020-03-29 17:13:53');
INSERT INTO `sys_loginfo` VALUES (332, '-system', '0:0:0:0:0:0:0:1', '2020-03-29 22:33:51');
INSERT INTO `sys_loginfo` VALUES (333, '-sq', '0:0:0:0:0:0:0:1', '2020-03-29 22:34:13');
INSERT INTO `sys_loginfo` VALUES (334, '-sq', '0:0:0:0:0:0:0:1', '2020-03-29 22:55:36');
INSERT INTO `sys_loginfo` VALUES (335, '-sq', '0:0:0:0:0:0:0:1', '2020-03-30 00:04:59');
INSERT INTO `sys_loginfo` VALUES (336, '-sq', '0:0:0:0:0:0:0:1', '2020-03-30 00:26:29');
INSERT INTO `sys_loginfo` VALUES (337, '-zl', '0:0:0:0:0:0:0:1', '2020-03-30 00:34:42');
INSERT INTO `sys_loginfo` VALUES (338, '-system', '0:0:0:0:0:0:0:1', '2020-03-30 00:34:57');
INSERT INTO `sys_loginfo` VALUES (339, '-zl', '0:0:0:0:0:0:0:1', '2020-03-30 00:35:30');
INSERT INTO `sys_loginfo` VALUES (340, '-ww', '0:0:0:0:0:0:0:1', '2020-03-30 00:39:18');
INSERT INTO `sys_loginfo` VALUES (341, '-sq', '0:0:0:0:0:0:0:1', '2020-03-30 15:16:48');
INSERT INTO `sys_loginfo` VALUES (342, '-zl', '0:0:0:0:0:0:0:1', '2020-03-30 15:18:24');
INSERT INTO `sys_loginfo` VALUES (343, '-sq', '0:0:0:0:0:0:0:1', '2020-03-30 15:18:43');
INSERT INTO `sys_loginfo` VALUES (344, '-zl', '0:0:0:0:0:0:0:1', '2020-03-30 15:19:52');
INSERT INTO `sys_loginfo` VALUES (345, '-sq', '0:0:0:0:0:0:0:1', '2020-03-30 15:36:33');
INSERT INTO `sys_loginfo` VALUES (346, '-sq', '0:0:0:0:0:0:0:1', '2020-03-30 15:40:20');
INSERT INTO `sys_loginfo` VALUES (347, '-zl', '0:0:0:0:0:0:0:1', '2020-03-30 15:43:04');
INSERT INTO `sys_loginfo` VALUES (348, '-sq', '0:0:0:0:0:0:0:1', '2020-03-30 16:26:02');
INSERT INTO `sys_loginfo` VALUES (349, '-zl', '0:0:0:0:0:0:0:1', '2020-03-30 16:35:21');
INSERT INTO `sys_loginfo` VALUES (350, '-sq', '0:0:0:0:0:0:0:1', '2020-03-30 16:48:57');
INSERT INTO `sys_loginfo` VALUES (351, '-zl', '0:0:0:0:0:0:0:1', '2020-03-30 16:50:19');
INSERT INTO `sys_loginfo` VALUES (352, '-ww', '0:0:0:0:0:0:0:1', '2020-03-30 16:50:59');
INSERT INTO `sys_loginfo` VALUES (353, '-sq', '0:0:0:0:0:0:0:1', '2020-03-30 16:51:51');
INSERT INTO `sys_loginfo` VALUES (354, '-zl', '0:0:0:0:0:0:0:1', '2020-03-30 16:52:44');
INSERT INTO `sys_loginfo` VALUES (355, '-sq', '0:0:0:0:0:0:0:1', '2020-03-30 16:53:14');
INSERT INTO `sys_loginfo` VALUES (356, '-zl', '0:0:0:0:0:0:0:1', '2020-03-30 16:53:45');
INSERT INTO `sys_loginfo` VALUES (357, '-ww', '0:0:0:0:0:0:0:1', '2020-03-30 16:54:16');
INSERT INTO `sys_loginfo` VALUES (358, '-sq', '0:0:0:0:0:0:0:1', '2020-03-30 16:54:50');
INSERT INTO `sys_loginfo` VALUES (359, '-sq', '0:0:0:0:0:0:0:1', '2020-03-30 22:52:24');
INSERT INTO `sys_loginfo` VALUES (360, '-sq', '0:0:0:0:0:0:0:1', '2020-03-31 15:40:40');
INSERT INTO `sys_loginfo` VALUES (361, '-sq', '0:0:0:0:0:0:0:1', '2020-03-31 15:42:29');
INSERT INTO `sys_loginfo` VALUES (362, '-sq', '0:0:0:0:0:0:0:1', '2020-03-31 15:46:47');
INSERT INTO `sys_loginfo` VALUES (363, '-system', '0:0:0:0:0:0:0:1', '2020-03-31 17:59:47');
INSERT INTO `sys_loginfo` VALUES (364, '-system', '0:0:0:0:0:0:0:1', '2020-03-31 18:02:30');
INSERT INTO `sys_loginfo` VALUES (365, '-system', '0:0:0:0:0:0:0:1', '2020-03-31 18:05:38');
INSERT INTO `sys_loginfo` VALUES (366, '-system', '0:0:0:0:0:0:0:1', '2020-03-31 18:12:37');
INSERT INTO `sys_loginfo` VALUES (367, '-sq', '0:0:0:0:0:0:0:1', '2020-03-31 18:17:00');
INSERT INTO `sys_loginfo` VALUES (368, '-system', '0:0:0:0:0:0:0:1', '2020-04-01 15:38:33');
INSERT INTO `sys_loginfo` VALUES (369, '-sq', '0:0:0:0:0:0:0:1', '2020-04-01 15:38:51');
INSERT INTO `sys_loginfo` VALUES (370, '-sq', '0:0:0:0:0:0:0:1', '2020-04-01 16:06:47');
INSERT INTO `sys_loginfo` VALUES (371, '-system', '0:0:0:0:0:0:0:1', '2020-04-01 17:09:00');
INSERT INTO `sys_loginfo` VALUES (372, '-system', '0:0:0:0:0:0:0:1', '2020-04-01 17:13:08');
INSERT INTO `sys_loginfo` VALUES (373, '-system', '0:0:0:0:0:0:0:1', '2020-04-01 17:22:58');
INSERT INTO `sys_loginfo` VALUES (374, '-system', '0:0:0:0:0:0:0:1', '2020-04-01 17:31:07');
INSERT INTO `sys_loginfo` VALUES (375, '-system', '0:0:0:0:0:0:0:1', '2020-04-01 17:40:55');
INSERT INTO `sys_loginfo` VALUES (376, '-system', '0:0:0:0:0:0:0:1', '2020-04-01 17:45:21');
INSERT INTO `sys_loginfo` VALUES (377, '-system', '0:0:0:0:0:0:0:1', '2020-04-01 17:48:26');
INSERT INTO `sys_loginfo` VALUES (378, '-system', '0:0:0:0:0:0:0:1', '2020-04-01 18:05:55');
INSERT INTO `sys_loginfo` VALUES (379, '-system', '0:0:0:0:0:0:0:1', '2020-04-03 16:52:37');
INSERT INTO `sys_loginfo` VALUES (380, '-system', '0:0:0:0:0:0:0:1', '2020-04-03 16:56:05');
INSERT INTO `sys_loginfo` VALUES (381, '-system', '0:0:0:0:0:0:0:1', '2020-04-03 17:31:24');
INSERT INTO `sys_loginfo` VALUES (382, '-system', '0:0:0:0:0:0:0:1', '2020-04-03 17:34:09');
INSERT INTO `sys_loginfo` VALUES (383, '-system', '0:0:0:0:0:0:0:1', '2020-04-03 17:36:51');
INSERT INTO `sys_loginfo` VALUES (384, '-system', '0:0:0:0:0:0:0:1', '2020-04-03 17:52:20');
INSERT INTO `sys_loginfo` VALUES (385, '-sq', '0:0:0:0:0:0:0:1', '2020-04-03 17:54:51');
INSERT INTO `sys_loginfo` VALUES (386, '-system', '0:0:0:0:0:0:0:1', '2020-04-03 17:59:07');
INSERT INTO `sys_loginfo` VALUES (387, '-system', '0:0:0:0:0:0:0:1', '2020-04-03 18:09:48');
INSERT INTO `sys_loginfo` VALUES (388, '-sq', '0:0:0:0:0:0:0:1', '2020-04-03 18:22:25');
INSERT INTO `sys_loginfo` VALUES (389, '-system', '0:0:0:0:0:0:0:1', '2020-04-04 17:00:27');
INSERT INTO `sys_loginfo` VALUES (390, '-sq', '0:0:0:0:0:0:0:1', '2020-04-04 17:21:26');
INSERT INTO `sys_loginfo` VALUES (391, '-system', '0:0:0:0:0:0:0:1', '2020-04-04 17:55:41');
INSERT INTO `sys_loginfo` VALUES (392, '-sq', '0:0:0:0:0:0:0:1', '2020-04-04 17:56:14');
INSERT INTO `sys_loginfo` VALUES (393, '-sq', '0:0:0:0:0:0:0:1', '2020-04-05 16:25:48');
INSERT INTO `sys_loginfo` VALUES (394, '-sq', '0:0:0:0:0:0:0:1', '2020-04-05 17:07:49');
INSERT INTO `sys_loginfo` VALUES (395, '-zl', '0:0:0:0:0:0:0:1', '2020-04-05 17:08:37');
INSERT INTO `sys_loginfo` VALUES (396, '-sq', '0:0:0:0:0:0:0:1', '2020-04-05 17:09:02');
INSERT INTO `sys_loginfo` VALUES (397, '-sq', '0:0:0:0:0:0:0:1', '2020-04-07 14:46:51');
INSERT INTO `sys_loginfo` VALUES (398, '-sq', '0:0:0:0:0:0:0:1', '2020-04-07 15:29:18');
INSERT INTO `sys_loginfo` VALUES (399, '-zl', '0:0:0:0:0:0:0:1', '2020-04-07 15:29:44');
INSERT INTO `sys_loginfo` VALUES (400, '-sq', '0:0:0:0:0:0:0:1', '2020-04-07 15:31:19');
INSERT INTO `sys_loginfo` VALUES (401, '-zl', '0:0:0:0:0:0:0:1', '2020-04-07 15:31:58');
INSERT INTO `sys_loginfo` VALUES (402, '-ww', '0:0:0:0:0:0:0:1', '2020-04-07 15:32:19');
INSERT INTO `sys_loginfo` VALUES (403, '-sq', '0:0:0:0:0:0:0:1', '2020-04-07 15:32:45');
INSERT INTO `sys_loginfo` VALUES (404, '-system', '0:0:0:0:0:0:0:1', '2020-04-09 20:30:56');
INSERT INTO `sys_loginfo` VALUES (405, '-sq', '0:0:0:0:0:0:0:1', '2020-04-09 20:35:05');
INSERT INTO `sys_loginfo` VALUES (406, '-zl', '0:0:0:0:0:0:0:1', '2020-04-09 20:37:17');
INSERT INTO `sys_loginfo` VALUES (407, '-ww', '0:0:0:0:0:0:0:1', '2020-04-09 20:38:03');
INSERT INTO `sys_loginfo` VALUES (408, '-sq', '0:0:0:0:0:0:0:1', '2020-04-09 20:39:11');
INSERT INTO `sys_loginfo` VALUES (409, '-system', '0:0:0:0:0:0:0:1', '2020-04-24 18:03:53');

-- ----------------------------
-- Table structure for sys_notice
-- ----------------------------
DROP TABLE IF EXISTS `sys_notice`;
CREATE TABLE `sys_notice`  (
  `id` int(11) NOT NULL AUTO_INCREMENT,
  `title` varchar(255) CHARACTER SET utf8 COLLATE utf8_general_ci NULL DEFAULT NULL,
  `content` text CHARACTER SET utf8 COLLATE utf8_general_ci NULL,
  `createtime` datetime(0) NULL DEFAULT NULL,
  `opername` varchar(255) CHARACTER SET utf8 COLLATE utf8_general_ci NULL DEFAULT NULL,
  PRIMARY KEY (`id`) USING BTREE
) ENGINE = InnoDB AUTO_INCREMENT = 20 CHARACTER SET = utf8 COLLATE = utf8_general_ci ROW_FORMAT = Dynamic;

-- ----------------------------
-- Records of sys_notice
-- ----------------------------
INSERT INTO `sys_notice` VALUES (1, 'V1.3', '2', '2018-08-07 00:00:00', '');
INSERT INTO `sys_notice` VALUES (10, 'V1.2', '12312312<img src=\"/resources/layui/images/face/42.gif\" alt=\"[]\">', '2018-08-07 00:00:00', '');
INSERT INTO `sys_notice` VALUES (11, 'V1.1', '21321321321<img src=\"/resources/layui/images/face/18.gif\" alt=\"[]\">', '2018-08-07 00:00:00', '');
INSERT INTO `sys_notice` VALUES (17, 'x', 'a', '2019-09-24 08:57:03', 'b');

-- ----------------------------
-- Table structure for sys_permission
-- ----------------------------
DROP TABLE IF EXISTS `sys_permission`;
CREATE TABLE `sys_permission`  (
  `id` int(11) NOT NULL AUTO_INCREMENT,
  `pid` int(11) NULL DEFAULT NULL,
  `type` varchar(255) CHARACTER SET utf8 COLLATE utf8_general_ci NULL DEFAULT NULL COMMENT '[menu/permission]',
  `title` varchar(255) CHARACTER SET utf8 COLLATE utf8_general_ci NULL DEFAULT NULL,
  `percode` varchar(255) CHARACTER SET utf8 COLLATE utf8_general_ci NULL DEFAULT NULL COMMENT '[type= permission  user:view]',
  `icon` varchar(255) CHARACTER SET utf8 COLLATE utf8_general_ci NULL DEFAULT NULL,
  `href` varchar(255) CHARACTER SET utf8 COLLATE utf8_general_ci NULL DEFAULT NULL,
  `target` varchar(255) CHARACTER SET utf8 COLLATE utf8_general_ci NULL DEFAULT NULL,
  `open` int(11) NULL DEFAULT NULL,
  `ordernum` int(11) NULL DEFAULT NULL,
  `available` int(11) NULL DEFAULT NULL COMMENT '01',
  PRIMARY KEY (`id`) USING BTREE
) ENGINE = InnoDB AUTO_INCREMENT = 99 CHARACTER SET = utf8 COLLATE = utf8_general_ci ROW_FORMAT = Dynamic;

-- ----------------------------
-- Records of sys_permission
-- ----------------------------
INSERT INTO `sys_permission` VALUES (1, 0, 'menu', '', NULL, '&#xe68e;', '', '', 1, 1, 1);
INSERT INTO `sys_permission` VALUES (2, 1, 'menu', '', NULL, '&#xe857;', '', '', 0, 2, 1);
INSERT INTO `sys_permission` VALUES (3, 1, 'menu', '', NULL, '&#xe645;', '', NULL, 0, 3, 1);
INSERT INTO `sys_permission` VALUES (4, 1, 'menu', '', NULL, '&#xe611;', '', '', 0, 4, 1);
INSERT INTO `sys_permission` VALUES (5, 1, 'menu', '', NULL, '&#xe614;', '', '', 0, 5, 1);
INSERT INTO `sys_permission` VALUES (6, 1, 'menu', '', NULL, '&#xe628;', '', '', 0, 6, 1);
INSERT INTO `sys_permission` VALUES (7, 2, 'menu', '', NULL, '&#xe651;', '/bus/toCustomerManager', '', 0, 7, 1);
INSERT INTO `sys_permission` VALUES (8, 2, 'menu', '', NULL, '&#xe658;', '/bus/toProviderManager', '', 0, 8, 1);
INSERT INTO `sys_permission` VALUES (9, 2, 'menu', '', NULL, '&#xe657;', '/bus/toGoodsManager', '', 0, 9, 1);
INSERT INTO `sys_permission` VALUES (10, 3, 'menu', '', NULL, '&#xe756;', '/bus/toInportManager', '', 0, 10, 1);
INSERT INTO `sys_permission` VALUES (11, 3, 'menu', '', NULL, '&#xe65a;', '/bus/toOutportManager', '', 0, 11, 1);
INSERT INTO `sys_permission` VALUES (12, 4, 'menu', '', NULL, '&#xe65b;', '/bus/toSalesManager', '', 0, 12, 1);
INSERT INTO `sys_permission` VALUES (13, 4, 'menu', '', NULL, '&#xe770;', '/bus/toSalesbackManager', '', 0, 13, 1);
INSERT INTO `sys_permission` VALUES (14, 5, 'menu', '', NULL, '&#xe770;', '/sys/toDeptManager', '', 0, 14, 1);
INSERT INTO `sys_permission` VALUES (15, 5, 'menu', '', NULL, '&#xe857;', '/sys/toMenuManager', '', 0, 15, 1);
INSERT INTO `sys_permission` VALUES (16, 5, 'menu', '', '', '&#xe857;', '/sys/toPermissionManager', '', 0, 16, 1);
INSERT INTO `sys_permission` VALUES (17, 5, 'menu', '', '', '&#xe650;', '/sys/toRoleManager', '', 0, 17, 1);
INSERT INTO `sys_permission` VALUES (18, 5, 'menu', '', '', '&#xe612;', '/sys/toUserManager', '', 0, 18, 1);
INSERT INTO `sys_permission` VALUES (21, 6, 'menu', '', NULL, '&#xe675;', '/sys/toLoginfoManager', '', 0, 21, 1);
INSERT INTO `sys_permission` VALUES (22, 6, 'menu', '', NULL, '&#xe756;', '/sys/toNoticeManager', NULL, 0, 22, 1);
INSERT INTO `sys_permission` VALUES (23, 6, 'menu', '', NULL, '&#xe670;', '../resources/page/icon.html', NULL, 0, 23, 1);
INSERT INTO `sys_permission` VALUES (30, 14, 'permission', '', 'dept:create', '', NULL, NULL, 0, 24, 1);
INSERT INTO `sys_permission` VALUES (31, 14, 'permission', '', 'dept:update', '', NULL, NULL, 0, 26, 1);
INSERT INTO `sys_permission` VALUES (32, 14, 'permission', '', 'dept:delete', '', NULL, NULL, 0, 27, 1);
INSERT INTO `sys_permission` VALUES (34, 15, 'permission', '', 'menu:create', '', '', '', 0, 29, 1);
INSERT INTO `sys_permission` VALUES (35, 15, 'permission', '', 'menu:update', '', NULL, NULL, 0, 30, 1);
INSERT INTO `sys_permission` VALUES (36, 15, 'permission', '', 'menu:delete', '', NULL, NULL, 0, 31, 1);
INSERT INTO `sys_permission` VALUES (38, 16, 'permission', '', 'permission:create', '', NULL, NULL, 0, 33, 1);
INSERT INTO `sys_permission` VALUES (39, 16, 'permission', '', 'permission:update', '', NULL, NULL, 0, 34, 1);
INSERT INTO `sys_permission` VALUES (40, 16, 'permission', '', 'permission:delete', '', NULL, NULL, 0, 35, 1);
INSERT INTO `sys_permission` VALUES (42, 17, 'permission', '', 'role:create', '', NULL, NULL, 0, 37, 1);
INSERT INTO `sys_permission` VALUES (43, 17, 'permission', '', 'role:update', '', NULL, NULL, 0, 38, 1);
INSERT INTO `sys_permission` VALUES (44, 17, 'permission', '', 'role:delete', '', NULL, NULL, 0, 39, 1);
INSERT INTO `sys_permission` VALUES (46, 17, 'permission', '', 'role:selectPermission', '', NULL, NULL, 0, 41, 1);
INSERT INTO `sys_permission` VALUES (47, 18, 'permission', '', 'user:create', '', NULL, NULL, 0, 42, 1);
INSERT INTO `sys_permission` VALUES (48, 18, 'permission', '', 'user:update', '', NULL, NULL, 0, 43, 1);
INSERT INTO `sys_permission` VALUES (49, 18, 'permission', '', 'user:delete', '', NULL, NULL, 0, 44, 1);
INSERT INTO `sys_permission` VALUES (51, 18, 'permission', '', 'user:selectRole', '', NULL, NULL, 0, 46, 1);
INSERT INTO `sys_permission` VALUES (52, 18, 'permission', '', 'user:resetPwd', NULL, NULL, NULL, 0, 47, 1);
INSERT INTO `sys_permission` VALUES (53, 14, 'permission', '', 'dept:view', NULL, NULL, NULL, 0, 48, 1);
INSERT INTO `sys_permission` VALUES (54, 15, 'permission', '', 'menu:view', NULL, NULL, NULL, 0, 49, 1);
INSERT INTO `sys_permission` VALUES (55, 16, 'permission', '', 'permission:view', NULL, NULL, NULL, 0, 50, 1);
INSERT INTO `sys_permission` VALUES (56, 17, 'permission', '', 'role:view', NULL, NULL, NULL, 0, 51, 1);
INSERT INTO `sys_permission` VALUES (57, 18, 'permission', '', 'user:view', NULL, NULL, NULL, 0, 52, 1);
INSERT INTO `sys_permission` VALUES (58, 1, 'menu', '', NULL, '&#xe679;', NULL, NULL, 0, 53, 1);
INSERT INTO `sys_permission` VALUES (59, 58, 'menu', '', NULL, '&#xe66e;', '/workFlow/toWorkFlowDef', NULL, 0, 54, 1);
INSERT INTO `sys_permission` VALUES (60, 58, 'menu', '', NULL, '&#xe674;', '/workFlow/toWorkFlowModel', NULL, 0, 55, 1);
INSERT INTO `sys_permission` VALUES (61, 1, 'menu', '', NULL, '&#xe653;', NULL, NULL, 0, 56, 1);
INSERT INTO `sys_permission` VALUES (62, 61, 'menu', '', NULL, '&#xe66a;', '/leaveBill/toLeaveBillManager', NULL, 0, 57, 1);
INSERT INTO `sys_permission` VALUES (63, 61, 'menu', '', NULL, '&#xe668;', '/workFlow/toTaskManager', NULL, 0, 58, 1);
INSERT INTO `sys_permission` VALUES (64, 61, 'menu', '', NULL, '&#xe665;', '/workFlow/toHisTaskManager', NULL, 0, 59, 1);
INSERT INTO `sys_permission` VALUES (65, 58, 'menu', '', NULL, '&#xe651;', '/workFlow/toWorkFlowDeploy', NULL, 1, 83, 1);
INSERT INTO `sys_permission` VALUES (68, 7, 'permission', '', 'customer:view', NULL, NULL, NULL, NULL, 60, 1);
INSERT INTO `sys_permission` VALUES (69, 7, 'permission', '', 'customer:create', NULL, NULL, NULL, NULL, 61, 1);
INSERT INTO `sys_permission` VALUES (70, 7, 'permission', '', 'customer:update', NULL, NULL, NULL, NULL, 62, 1);
INSERT INTO `sys_permission` VALUES (71, 7, 'permission', '', 'customer:delete', NULL, NULL, NULL, NULL, 63, 1);
INSERT INTO `sys_permission` VALUES (73, 21, 'permission', '', 'info:view', NULL, NULL, NULL, NULL, 65, 1);
INSERT INTO `sys_permission` VALUES (74, 21, 'permission', '', 'info:delete', NULL, NULL, NULL, NULL, 66, 1);
INSERT INTO `sys_permission` VALUES (75, 21, 'permission', '', 'info:batchdelete', NULL, NULL, NULL, NULL, 67, 1);
INSERT INTO `sys_permission` VALUES (76, 22, 'permission', '', 'notice:view', NULL, NULL, NULL, NULL, 68, 1);
INSERT INTO `sys_permission` VALUES (77, 22, 'permission', '', 'notice:create', NULL, NULL, NULL, NULL, 69, 1);
INSERT INTO `sys_permission` VALUES (78, 22, 'permission', '', 'notice:update', NULL, NULL, NULL, NULL, 70, 1);
INSERT INTO `sys_permission` VALUES (79, 22, 'permission', '', 'notice:delete', NULL, NULL, NULL, NULL, 71, 1);
INSERT INTO `sys_permission` VALUES (81, 8, 'permission', '', 'provider:view', NULL, NULL, NULL, NULL, 73, 1);
INSERT INTO `sys_permission` VALUES (82, 8, 'permission', '', 'provider:create', NULL, NULL, NULL, NULL, 74, 1);
INSERT INTO `sys_permission` VALUES (83, 8, 'permission', '', 'provider:update', NULL, NULL, NULL, NULL, 75, 1);
INSERT INTO `sys_permission` VALUES (84, 8, 'permission', '', 'provider:delete', NULL, NULL, NULL, NULL, 76, 1);
INSERT INTO `sys_permission` VALUES (86, 22, 'permission', '', 'notice:viewnotice', NULL, NULL, NULL, NULL, 78, 1);
INSERT INTO `sys_permission` VALUES (91, 9, 'permission', '', 'goods:view', NULL, NULL, NULL, 0, 79, 1);
INSERT INTO `sys_permission` VALUES (92, 9, 'permission', '', 'goods:create', NULL, NULL, NULL, 0, 80, 1);
INSERT INTO `sys_permission` VALUES (94, 9, 'permission', '', 'goods:update', NULL, '', NULL, 0, 81, 1);
INSERT INTO `sys_permission` VALUES (95, 6, 'menu', '', NULL, '&#xe681;', '/sys/toCacheManager', '', 1, 82, 1);

-- ----------------------------
-- Table structure for sys_role
-- ----------------------------
DROP TABLE IF EXISTS `sys_role`;
CREATE TABLE `sys_role`  (
  `id` int(11) NOT NULL AUTO_INCREMENT,
  `name` varchar(255) CHARACTER SET utf8 COLLATE utf8_general_ci NULL DEFAULT NULL,
  `remark` varchar(255) CHARACTER SET utf8 COLLATE utf8_general_ci NULL DEFAULT NULL,
  `available` int(11) NULL DEFAULT NULL,
  `createtime` datetime(0) NULL DEFAULT NULL,
  PRIMARY KEY (`id`) USING BTREE
) ENGINE = InnoDB AUTO_INCREMENT = 8 CHARACTER SET = utf8 COLLATE = utf8_general_ci ROW_FORMAT = Dynamic;

-- ----------------------------
-- Records of sys_role
-- ----------------------------
INSERT INTO `sys_role` VALUES (1, '', '', 1, '2019-04-10 14:06:32');
INSERT INTO `sys_role` VALUES (4, '', '', 1, '2019-04-10 14:06:32');
INSERT INTO `sys_role` VALUES (5, '', '', 1, '2019-04-10 14:06:32');
INSERT INTO `sys_role` VALUES (6, '', '', 1, '2019-04-10 14:06:32');
INSERT INTO `sys_role` VALUES (7, '', '', 1, '2019-04-10 14:06:32');

-- ----------------------------
-- Table structure for sys_role_permission
-- ----------------------------
DROP TABLE IF EXISTS `sys_role_permission`;
CREATE TABLE `sys_role_permission`  (
  `rid` int(11) NOT NULL,
  `pid` int(11) NOT NULL,
  PRIMARY KEY (`pid`, `rid`) USING BTREE,
  INDEX `FK_tcsr9ucxypb3ce1q5qngsfk33`(`rid`) USING BTREE,
  CONSTRAINT `sys_role_permission_ibfk_1` FOREIGN KEY (`pid`) REFERENCES `sys_permission` (`id`) ON DELETE CASCADE ON UPDATE RESTRICT,
  CONSTRAINT `sys_role_permission_ibfk_2` FOREIGN KEY (`rid`) REFERENCES `sys_role` (`id`) ON DELETE CASCADE ON UPDATE RESTRICT
) ENGINE = InnoDB CHARACTER SET = utf8 COLLATE = utf8_general_ci ROW_FORMAT = Dynamic;

-- ----------------------------
-- Records of sys_role_permission
-- ----------------------------
INSERT INTO `sys_role_permission` VALUES (1, 1);
INSERT INTO `sys_role_permission` VALUES (1, 2);
INSERT INTO `sys_role_permission` VALUES (1, 3);
INSERT INTO `sys_role_permission` VALUES (1, 4);
INSERT INTO `sys_role_permission` VALUES (1, 5);
INSERT INTO `sys_role_permission` VALUES (1, 6);
INSERT INTO `sys_role_permission` VALUES (1, 7);
INSERT INTO `sys_role_permission` VALUES (1, 8);
INSERT INTO `sys_role_permission` VALUES (1, 9);
INSERT INTO `sys_role_permission` VALUES (1, 10);
INSERT INTO `sys_role_permission` VALUES (1, 11);
INSERT INTO `sys_role_permission` VALUES (1, 12);
INSERT INTO `sys_role_permission` VALUES (1, 13);
INSERT INTO `sys_role_permission` VALUES (1, 14);
INSERT INTO `sys_role_permission` VALUES (1, 15);
INSERT INTO `sys_role_permission` VALUES (1, 16);
INSERT INTO `sys_role_permission` VALUES (1, 17);
INSERT INTO `sys_role_permission` VALUES (1, 18);
INSERT INTO `sys_role_permission` VALUES (1, 21);
INSERT INTO `sys_role_permission` VALUES (1, 22);
INSERT INTO `sys_role_permission` VALUES (1, 23);
INSERT INTO `sys_role_permission` VALUES (1, 30);
INSERT INTO `sys_role_permission` VALUES (1, 31);
INSERT INTO `sys_role_permission` VALUES (1, 32);
INSERT INTO `sys_role_permission` VALUES (1, 34);
INSERT INTO `sys_role_permission` VALUES (1, 35);
INSERT INTO `sys_role_permission` VALUES (1, 36);
INSERT INTO `sys_role_permission` VALUES (1, 38);
INSERT INTO `sys_role_permission` VALUES (1, 39);
INSERT INTO `sys_role_permission` VALUES (1, 40);
INSERT INTO `sys_role_permission` VALUES (1, 42);
INSERT INTO `sys_role_permission` VALUES (1, 43);
INSERT INTO `sys_role_permission` VALUES (1, 44);
INSERT INTO `sys_role_permission` VALUES (1, 46);
INSERT INTO `sys_role_permission` VALUES (1, 47);
INSERT INTO `sys_role_permission` VALUES (1, 48);
INSERT INTO `sys_role_permission` VALUES (1, 49);
INSERT INTO `sys_role_permission` VALUES (1, 51);
INSERT INTO `sys_role_permission` VALUES (1, 52);
INSERT INTO `sys_role_permission` VALUES (1, 53);
INSERT INTO `sys_role_permission` VALUES (1, 54);
INSERT INTO `sys_role_permission` VALUES (1, 55);
INSERT INTO `sys_role_permission` VALUES (1, 56);
INSERT INTO `sys_role_permission` VALUES (1, 57);
INSERT INTO `sys_role_permission` VALUES (1, 68);
INSERT INTO `sys_role_permission` VALUES (1, 69);
INSERT INTO `sys_role_permission` VALUES (1, 70);
INSERT INTO `sys_role_permission` VALUES (1, 71);
INSERT INTO `sys_role_permission` VALUES (1, 73);
INSERT INTO `sys_role_permission` VALUES (1, 74);
INSERT INTO `sys_role_permission` VALUES (1, 75);
INSERT INTO `sys_role_permission` VALUES (1, 76);
INSERT INTO `sys_role_permission` VALUES (1, 77);
INSERT INTO `sys_role_permission` VALUES (1, 78);
INSERT INTO `sys_role_permission` VALUES (1, 79);
INSERT INTO `sys_role_permission` VALUES (1, 81);
INSERT INTO `sys_role_permission` VALUES (1, 82);
INSERT INTO `sys_role_permission` VALUES (1, 83);
INSERT INTO `sys_role_permission` VALUES (1, 84);
INSERT INTO `sys_role_permission` VALUES (1, 86);
INSERT INTO `sys_role_permission` VALUES (1, 91);
INSERT INTO `sys_role_permission` VALUES (1, 92);
INSERT INTO `sys_role_permission` VALUES (1, 94);
INSERT INTO `sys_role_permission` VALUES (4, 1);
INSERT INTO `sys_role_permission` VALUES (4, 2);
INSERT INTO `sys_role_permission` VALUES (4, 7);
INSERT INTO `sys_role_permission` VALUES (4, 8);
INSERT INTO `sys_role_permission` VALUES (4, 9);
INSERT INTO `sys_role_permission` VALUES (4, 68);
INSERT INTO `sys_role_permission` VALUES (4, 69);
INSERT INTO `sys_role_permission` VALUES (4, 70);
INSERT INTO `sys_role_permission` VALUES (4, 71);
INSERT INTO `sys_role_permission` VALUES (4, 81);
INSERT INTO `sys_role_permission` VALUES (4, 82);
INSERT INTO `sys_role_permission` VALUES (4, 83);
INSERT INTO `sys_role_permission` VALUES (4, 84);
INSERT INTO `sys_role_permission` VALUES (4, 91);
INSERT INTO `sys_role_permission` VALUES (4, 92);
INSERT INTO `sys_role_permission` VALUES (4, 94);
INSERT INTO `sys_role_permission` VALUES (5, 1);
INSERT INTO `sys_role_permission` VALUES (5, 3);
INSERT INTO `sys_role_permission` VALUES (5, 4);
INSERT INTO `sys_role_permission` VALUES (5, 11);
INSERT INTO `sys_role_permission` VALUES (5, 12);
INSERT INTO `sys_role_permission` VALUES (5, 13);
INSERT INTO `sys_role_permission` VALUES (6, 1);
INSERT INTO `sys_role_permission` VALUES (6, 4);
INSERT INTO `sys_role_permission` VALUES (6, 12);
INSERT INTO `sys_role_permission` VALUES (6, 13);
INSERT INTO `sys_role_permission` VALUES (7, 1);
INSERT INTO `sys_role_permission` VALUES (7, 5);
INSERT INTO `sys_role_permission` VALUES (7, 6);
INSERT INTO `sys_role_permission` VALUES (7, 14);
INSERT INTO `sys_role_permission` VALUES (7, 15);
INSERT INTO `sys_role_permission` VALUES (7, 16);
INSERT INTO `sys_role_permission` VALUES (7, 17);
INSERT INTO `sys_role_permission` VALUES (7, 18);
INSERT INTO `sys_role_permission` VALUES (7, 21);
INSERT INTO `sys_role_permission` VALUES (7, 22);
INSERT INTO `sys_role_permission` VALUES (7, 23);
INSERT INTO `sys_role_permission` VALUES (7, 30);
INSERT INTO `sys_role_permission` VALUES (7, 31);
INSERT INTO `sys_role_permission` VALUES (7, 34);
INSERT INTO `sys_role_permission` VALUES (7, 35);
INSERT INTO `sys_role_permission` VALUES (7, 36);
INSERT INTO `sys_role_permission` VALUES (7, 38);
INSERT INTO `sys_role_permission` VALUES (7, 39);
INSERT INTO `sys_role_permission` VALUES (7, 40);
INSERT INTO `sys_role_permission` VALUES (7, 42);
INSERT INTO `sys_role_permission` VALUES (7, 43);
INSERT INTO `sys_role_permission` VALUES (7, 44);
INSERT INTO `sys_role_permission` VALUES (7, 46);
INSERT INTO `sys_role_permission` VALUES (7, 47);
INSERT INTO `sys_role_permission` VALUES (7, 48);
INSERT INTO `sys_role_permission` VALUES (7, 49);
INSERT INTO `sys_role_permission` VALUES (7, 51);
INSERT INTO `sys_role_permission` VALUES (7, 52);
INSERT INTO `sys_role_permission` VALUES (7, 53);
INSERT INTO `sys_role_permission` VALUES (7, 54);
INSERT INTO `sys_role_permission` VALUES (7, 55);
INSERT INTO `sys_role_permission` VALUES (7, 56);
INSERT INTO `sys_role_permission` VALUES (7, 57);
INSERT INTO `sys_role_permission` VALUES (7, 58);
INSERT INTO `sys_role_permission` VALUES (7, 59);
INSERT INTO `sys_role_permission` VALUES (7, 60);
INSERT INTO `sys_role_permission` VALUES (7, 61);
INSERT INTO `sys_role_permission` VALUES (7, 62);
INSERT INTO `sys_role_permission` VALUES (7, 63);
INSERT INTO `sys_role_permission` VALUES (7, 64);
INSERT INTO `sys_role_permission` VALUES (7, 65);
INSERT INTO `sys_role_permission` VALUES (7, 73);
INSERT INTO `sys_role_permission` VALUES (7, 74);
INSERT INTO `sys_role_permission` VALUES (7, 75);
INSERT INTO `sys_role_permission` VALUES (7, 76);
INSERT INTO `sys_role_permission` VALUES (7, 77);
INSERT INTO `sys_role_permission` VALUES (7, 78);
INSERT INTO `sys_role_permission` VALUES (7, 79);
INSERT INTO `sys_role_permission` VALUES (7, 86);

-- ----------------------------
-- Table structure for sys_role_user
-- ----------------------------
DROP TABLE IF EXISTS `sys_role_user`;
CREATE TABLE `sys_role_user`  (
  `rid` int(11) NOT NULL,
  `uid` int(11) NOT NULL,
  PRIMARY KEY (`uid`, `rid`) USING BTREE,
  INDEX `FK_203gdpkwgtow7nxlo2oap5jru`(`rid`) USING BTREE,
  CONSTRAINT `sys_role_user_ibfk_1` FOREIGN KEY (`rid`) REFERENCES `sys_role` (`id`) ON DELETE RESTRICT ON UPDATE RESTRICT,
  CONSTRAINT `sys_role_user_ibfk_2` FOREIGN KEY (`uid`) REFERENCES `sys_user` (`id`) ON DELETE RESTRICT ON UPDATE RESTRICT
) ENGINE = InnoDB CHARACTER SET = utf8 COLLATE = utf8_general_ci ROW_FORMAT = Dynamic;

-- ----------------------------
-- Records of sys_role_user
-- ----------------------------
INSERT INTO `sys_role_user` VALUES (1, 2);
INSERT INTO `sys_role_user` VALUES (4, 3);
INSERT INTO `sys_role_user` VALUES (4, 8);
INSERT INTO `sys_role_user` VALUES (4, 9);
INSERT INTO `sys_role_user` VALUES (5, 4);
INSERT INTO `sys_role_user` VALUES (5, 8);
INSERT INTO `sys_role_user` VALUES (6, 5);
INSERT INTO `sys_role_user` VALUES (6, 8);
INSERT INTO `sys_role_user` VALUES (7, 3);
INSERT INTO `sys_role_user` VALUES (7, 4);
INSERT INTO `sys_role_user` VALUES (7, 5);
INSERT INTO `sys_role_user` VALUES (7, 6);
INSERT INTO `sys_role_user` VALUES (7, 8);
INSERT INTO `sys_role_user` VALUES (7, 9);

-- ----------------------------
-- Table structure for sys_user
-- ----------------------------
DROP TABLE IF EXISTS `sys_user`;
CREATE TABLE `sys_user`  (
  `id` int(11) NOT NULL AUTO_INCREMENT,
  `name` varchar(255) CHARACTER SET utf8 COLLATE utf8_general_ci NULL DEFAULT NULL,
  `loginname` varchar(255) CHARACTER SET utf8 COLLATE utf8_general_ci NULL DEFAULT NULL,
  `address` varchar(255) CHARACTER SET utf8 COLLATE utf8_general_ci NULL DEFAULT NULL,
  `sex` int(11) NULL DEFAULT NULL,
  `remark` varchar(255) CHARACTER SET utf8 COLLATE utf8_general_ci NULL DEFAULT NULL,
  `pwd` varchar(255) CHARACTER SET utf8 COLLATE utf8_general_ci NULL DEFAULT NULL,
  `deptid` int(11) NULL DEFAULT NULL,
  `hiredate` datetime(0) NULL DEFAULT NULL,
  `mgr` int(11) NULL DEFAULT NULL,
  `available` int(11) NULL DEFAULT 1,
  `ordernum` int(11) NULL DEFAULT NULL,
  `type` int(255) NULL DEFAULT NULL COMMENT '[012]',
  `imgpath` varchar(255) CHARACTER SET utf8 COLLATE utf8_general_ci NULL DEFAULT NULL COMMENT '',
  `salt` varchar(255) CHARACTER SET utf8 COLLATE utf8_general_ci NULL DEFAULT NULL,
  PRIMARY KEY (`id`) USING BTREE,
  INDEX `FK_3rrcpvho2w1mx1sfiuuyir1h`(`deptid`) USING BTREE,
  CONSTRAINT `sys_user_ibfk_1` FOREIGN KEY (`deptid`) REFERENCES `sys_dept` (`id`) ON DELETE RESTRICT ON UPDATE RESTRICT
) ENGINE = InnoDB AUTO_INCREMENT = 10 CHARACTER SET = utf8 COLLATE = utf8_general_ci ROW_FORMAT = Dynamic;

-- ----------------------------
-- Records of sys_user
-- ----------------------------
INSERT INTO `sys_user` VALUES (1, '', 'system', '', 1, '', '532ac00e86893901af5f0be6b704dbc7', 1, '2018-06-25 11:06:34', NULL, 1, 1, 0, '../resources/images/defaultusertitle.jpg', '04A93C74C8294AA09A8B974FD1F4ECBB');
INSERT INTO `sys_user` VALUES (2, '', 'ls', '', 0, 'KING', 'b07b848d69e0553b80e601d31571797e', 1, '2018-06-25 11:06:36', NULL, 1, 2, 1, '../resources/images/defaultusertitle.jpg', 'FC1EE06AE4354D3FBF7FDD15C8FCDA71');
INSERT INTO `sys_user` VALUES (3, '', 'ww', '', 1, '', '3c3f971eae61e097f59d52360323f1c8', 3, '2018-06-25 11:06:38', 2, 1, 3, 1, '../resources/images/defaultusertitle.jpg', '3D5F956E053C4E85B7D2681386E235D2');
INSERT INTO `sys_user` VALUES (4, '', 'zl', '', 1, '', '2e969742a7ea0c7376e9551d578e05dd', 4, '2018-06-25 11:06:40', 3, 1, 4, 1, '../resources/images/defaultusertitle.jpg', '6480EE1391E34B0886ACADA501E31145');
INSERT INTO `sys_user` VALUES (5, '', 'sq', '', 1, '', '47b4c1ad6e4b54dd9387a09cb5a03de1', 2, '2018-06-25 11:06:43', 4, 1, 5, 1, '../resources/images/defaultusertitle.jpg', 'FE3476C3E3674E5690C737C269FCBF8E');
INSERT INTO `sys_user` VALUES (6, '', 'lb', '', 1, '', 'bcee2b05b4b591106829aec69a094806', 4, '2018-08-06 11:21:12', 3, 1, 6, 1, '../resources/images/defaultusertitle.jpg', 'E6CCF54A09894D998225878BBD139B20');
INSERT INTO `sys_user` VALUES (8, '', 'xidada', '', 1, '', '83c6312d3124527c06f9f32c9f0f4122', 7, '2019-09-25 08:47:38', 3, 1, 7, 1, NULL, '9A77217BD788418683C5D69CDC85B4AA');
INSERT INTO `sys_user` VALUES (9, '', 'haha', '', 1, 'aaa', '72362ebfddad683bc92a43bf3a083539', 4, '2020-03-23 17:18:33', 4, 1, 8, 1, '/images/defaultUserTitle.jpg', '65410CB22A9B4D7FAB1972C85DC27DF5');

SET FOREIGN_KEY_CHECKS = 1;
